user_id,name,type,author,main_characters,rating,review_date,tags,story_summary,notes,is_public
cafca62c-5a2e-47f0-b155-cc3fd35d2d14,放学等我,BL小说,酱子贝,喻繁x陈景深,0,2023-01-01,"{现代,校园}",现代校园，茶茶找了六年，不分手。⭐️⭐️⭐️⭐️⭐️,本年度最爱的校园文，没有之一。好爱陈景深，爱爱着喻繁的陈景深。感动于什么呢，陈景深知道自己性格的缺陷，知道自己的母亲有变态的控制欲，但他没有放弃自己的人生，他一直在努力去做一个能把握自己命运的人；他一直知道自己是同性恋，他不害怕，他敢于去爱人去保护爱人；喻繁不告而别，他坚持不懈了六年，找遍他们提过的每一所搞笑，找遍周边小城市，真的就是大海捞针，他直面出柜，对大学同学对同事都是坦诚相待，他没有放弃他坚信他可以找到喻繁，他经过六年，更加坚固了自己的堡垒，等喻繁回来，给予他安全的落脚地。每次想到陈景深，都会想到纸片人世界的丞哥，顾飞，江添这些有坚定信念的人，给予我的都是温暖的力量。,false
cafca62c-5a2e-47f0-b155-cc3fd35d2d14,入蛊,BL小说,煤那个球,邵凡安x段忌尘,0,2023-01-01,{玄幻},修仙，蛊虫。,攻下错情蛊不得不和受翻云覆雨，日渐生情而不自知，吵不过还端着的段小狗两年追妻路。,false
cafca62c-5a2e-47f0-b155-cc3fd35d2d14,攻略对象出了错,BL小说,金刚圈,湛微阳x裴磬,0,2023-01-01,"{现代,虐文}",现代，有点酸涩有点可爱，湛微阳当然可以谈恋爱！,湛微阳脑子里的系统让他谈恋爱ooc的话会变成发财树，于是他给自己买了个花盆；没有血缘关系的表哥裴磬觉得这个弟弟傻傻的，很耐心很暖心。受会让我联想陶思稚。那句“我为什么不可以谈恋爱？是傻子不可以谈恋爱还是湛微阳不可以谈恋爱？”心疼死了。,false
cafca62c-5a2e-47f0-b155-cc3fd35d2d14,万有引力,BL小说,骑鲸南去,南周x江舫,0,2023-01-01,{无限流},无限流，意识流的纸片人觉醒,在被高维人种直播的游戏中努力活着，纸片人觉醒，对江舫来说，南舟是他可以死77次要去去见的人，尸山只是我去见你的台阶，对南舟来说，舫哥是朋友，唯一的朋友.,false
cafca62c-5a2e-47f0-b155-cc3fd35d2d14,竹马难猜,BL小说,冻感超人,沈言x赵林苏,0,2023-01-01,{现代},现代鬼马，超异能，能看见人顶着性幻想的名字，从好兄弟头上看到了自己的名字。番外还挺有意思。,,false
cafca62c-5a2e-47f0-b155-cc3fd35d2d14,江医生他怀了死对头的崽,BL小说,葫芦酱,江叙x沈方煜,0,2023-01-01,"{现代,ABO}",现代非abo非生子设定，强强联合，沈方煜缺失的爱都有江医生和笑笑来弥补。,,false
cafca62c-5a2e-47f0-b155-cc3fd35d2d14,夫郎喊我回家吃软饭了,BL小说,,,0,2023-01-01,"{种田,古代}",古代种田，生子。,上门赘婿入仕途秋阳五年为官路，在村里那段挺好玩的，杜衡秦小满种地造纸做饭也好吃。最后一段秋阳百姓沿路相送，看哭了。,false
cafca62c-5a2e-47f0-b155-cc3fd35d2d14,山河不夜天,BL小说,莫晨欢,唐景则x王溱,0,2023-01-01,"{穿越,古代,豪门}",架空穿越，权谋。,内忧外患，天下兴亡匹夫有责，唐景则穿越到架空宋朝，受先生教导，想弄明白为何诸如先生大家都愿意以身赴死以证清白，利用王溱爱上王溱。王溱，年少成名，世家背景忠贞皇党，奸佞权臣一心为民。,false
cafca62c-5a2e-47f0-b155-cc3fd35d2d14,人类崽废土苟活攻略,BL小说,秃子小贰,颜布布x封琛,0,2023-01-01,"{ABO,虐文,丧尸}",哨向，末世丧尸，变异种。,第一本哨向设定的文，和abo信息素差不多，哨兵有自己的专属向导，同时拥有量子兽。攻受的量子兽是黑狮和比努努，小丧尸比努努的分化因为保护主人自己吸收了丧尸病毒，像攻受的儿子一样，受是个烦人精，唱歌难听嗓门大爱哭心地善良意志坚定，一心做少爷的佣人服侍少爷然而自己一直才是少爷命。攻从小军事化教育性格坚毅内敛坚定顽强生存能力强，会做饭会针织动手能力强智商高。独自在冰川雪地带大受，为了全人类为了父母为了爱人一路成长成A+级哨兵。林奋和于苑很喜欢的一对副cp，后面于苑为了保存原始病毒注入体内恒温保存，还是挺泪目的。观后感：人人都想当烦人精的爸爸！,false
cafca62c-5a2e-47f0-b155-cc3fd35d2d14,溺酒,BL小说,奶口卡,沈庭未x连诀,0,2023-01-01,"{穿越,现代,ABO}",abo生子，现代，两个时空穿越。未未车祸受伤穿越到正常社会，遇到患有严重的情感缺失的连诀。半个abo文有生子设定，车速可以且高级，是舒服的肉文还挺喜欢。,,false
cafca62c-5a2e-47f0-b155-cc3fd35d2d14,樱笋年光,BL小说,夏小正,祝余x梁阁,0,2023-01-01,"{现代,校园}",现代校园文,从此不敢看观音。“我还不错，你不要怕我”，梁阁说“死是什么感觉？当心脏停止跳动，呼吸急转，耳朵首先变冷，身体内的血液转为酸性，喉咙痉挛，开始死亡。在死亡的瞬间，大脑排出所有氧气，瞳孔会像玻璃晶体，死亡1分钟，血液凝结开始导致皮肤变色，肌肉完全松弛，肠和膀胱开始排空。死亡3分钟，脑细胞成批死亡，高等思维终止”。祝余想“真正好的爱，不是爱你外在保护层的那个假自我，那个面具，而是爱连你自己都不爱的自己”。,false
cafca62c-5a2e-47f0-b155-cc3fd35d2d14,灵异片演员app,BL小说,戏子祭酒。谢池x谢星澜,,0,2023-01-01,"{现代,无限流}",无限流，主线是现代设定。算水仙吗,谢池谢星澜一身双魄，每个副本上升的电影世界观还是很不错不会特别尬。⭐,false
cafca62c-5a2e-47f0-b155-cc3fd35d2d14,烈酒家的小相公,BL小说,,,0,2023-01-01,{种田},种田文,,false
cafca62c-5a2e-47f0-b155-cc3fd35d2d14,格格不入,BL小说,巫哲,项西x程博衍,0,2023-01-01,"{现代,骨科}",现代文，骨科医生程博衍，真的好温暖一个人！,,false
cafca62c-5a2e-47f0-b155-cc3fd35d2d14,君有疾否,BL小说,如似我闻,苏世誉x楚明允,0,2023-01-01,{古代},古偶权谋,御史大夫苏世誉太尉将军楚明允，主攻视角，权谋朝堂天下苍生，明争暗斗识人心，这文总让我想起《将近酒》，李廷贞比李建恒幸运多了，最终是生，全身而退隐入江湖还有爱人相伴，不似李建恒“我只想做大周的燕，住在富贵檐…”,false
cafca62c-5a2e-47f0-b155-cc3fd35d2d14,蒙蔽,BL小说,金刚圈,常小嘉x谢厉,0,2023-01-01,{现代},现代文，警匪卧底,常小嘉十三岁时就见过十八岁的警察谢厉，监狱的相遇和利用只不过是私心的小满足，金刚圈的文一如既往的偏执，一如既往的久别重逢。,false
cafca62c-5a2e-47f0-b155-cc3fd35d2d14,你的香气,BL小说,娜可露露,,0,2023-01-01,{校园},校园文，关雪息有很多朋友，但只有一名奴隶陈迹。记忆点不深。,,false
cafca62c-5a2e-47f0-b155-cc3fd35d2d14,一粒,BL小说,冷山就木,王小栗x林之绪,0,2023-01-01,"{现代,ABO}",现代abo,奶奶替受选择了一条路，受以为自己从此拥有了家人亲情，前半段攻太气人，自私且幼稚，受一直处于不对等被否定（气死我了的abo），最后感觉沈决意是最了解他俩的，看出了受的特性，目的明确。“那被我爱到底是什么感觉”“被拥抱，温暖，停止寻找，是渴望永远”。,false
cafca62c-5a2e-47f0-b155-cc3fd35d2d14,我乘风雪,BL小说,弃无钩,裴长淮x谢从隽,0,2023-01-01,{古代},古偶权谋，车速快但太痛了，膝盖疼。,裴长淮正则侯全门英烈，父亲大哥二哥均战死杀场，一人扛起侯门所有责任，诡计人心忍辱负重，心里一直有白月光谢从隽；赵昀将军朝堂新贵一路战功赫赫，与裴侯始于一场性事，一路猜忌信任矛盾前行，有一场车超级痛，受刚跪废膝盖攻还因为白月光赌气强上，气啊～哦白月光和赵将军是一个人。,false
cafca62c-5a2e-47f0-b155-cc3fd35d2d14,不驯之敌,BL小说,骑鲸南去,宁灼x单飞白,0,2023-01-01,{丧尸},末世，赛博，可替换义肢，打起来还是痛。,雇佣兵组织头目宁灼和单飞白。白眼狼小白被宁灼捡回去，却是满口谎言，因为不想回家，最后也因为谎言被丢下，小白想那我就让你恨做你的唯一，你的每一处伤口都必须是我留下的，毕竟有你的地方就是我的家。每个配角的的故事都很触动，每一场都是酣畅淋漓的复仇，是爱。最后隐隐最扎的是傅老大，遗憾吖。,false
cafca62c-5a2e-47f0-b155-cc3fd35d2d14,落俗游戏,BL小说,云上飞鱼,夏安远x纪驰,0,2023-01-01,{现代},现代，自以为是的爱不是爱。,夏安远一直认为纪驰是他的游戏虚拟体验，家境差距大，期限到了就要各自回归到正确的轨道，从小时候起他就像卷起浮沉的一阵风，和妈妈一起居无定所，慢慢的不停留不偏爱不眷念，直到遇到攻，两个颜狗的相遇就是命运齿轮咔嚓卡住了，互相填补互相完整。等到他俩真正想明白怎样去爱对方去珍惜对方，已经浪费了8年。两次受都自以为为了攻好，离开攻，这文是我今年骂得最多的文了，朋友都说我是攻妈，这个受真的气死我了，太自卑委屈了自己伤害了爱人，攻一直好爱他，一步一步消除障碍，最后知道受抑郁症很自责，觉得自己没有给他更多的关爱，哎，自家娃这样爱当妈的能怎么办，哭兮兮呗！我有多气就有多爱！,false
cafca62c-5a2e-47f0-b155-cc3fd35d2d14,天官赐福,BL小说,墨香铜臭,,0,2023-01-01,"{古代,虐文}",重温，卖了一张游戏卡买了纸质书。永远挚爱花城主，永远心疼太子殿下。是爱，是信仰，是坚定，是勇敢，是救赎，是给予，是会一直治愈我的东西。看的过程是和小妹妹一起的，她新旧对照，有删有增有位移，但爱不变！,,false
cafca62c-5a2e-47f0-b155-cc3fd35d2d14,欲言难止,BL小说,麦香鸡呢,许则&陆赫扬,0,2023-01-01,"{校园,ABO}",abo校园，没有车的abo能叫abo吗？！,输了比赛没有奖励，但攻给了受提前奖励次级奖励，甚至有真话奖励。身份地位两级差异，两次失忆忘记受，受爱得很自卑，无所求，用池嘉寒的话来说就是买了他他还想着是不是被卖便宜了让陆赫扬没赚着钱；攻真的太好了，爱着实践着保护着放任着，上一个这么好的还是程博衍。,false
cafca62c-5a2e-47f0-b155-cc3fd35d2d14,一不小心和醋精结婚了,BL小说,,,0,2023-01-01,{},换头同人，霸总和设计师的先婚后爱,,false
cafca62c-5a2e-47f0-b155-cc3fd35d2d14,丧病大学,BL小说,颜凉雨,宋斐&戚言,0,2023-01-01,"{校园,丧尸}",丧尸来袭，没有异能全靠肉搏。,丧尸病毒侵袭学校，众人聚集成武生，找物资转移阵地救同学向着希望一步一步奔跑，没有异能没有第二拟态，靠肉搏靠智慧。好人队伍无人伤亡，据说是作者风格，就是受的颜值，算了，好歹是颗向日葵，攻颜值武力值智商值均在线，慢慢学会接受非百分百完美bf，学会爱。比较轻松调皮的文风，但偶有过头的尬。能看。,false
cafca62c-5a2e-47f0-b155-cc3fd35d2d14,明日星程,BL小说,金刚圈,夏星程x杨悠明,0,2023-01-01,"{现代,娱乐圈,年下}",现代娱乐圈，年下差14岁，有代入我的cp（纹身因戏生情）,恶性依赖有偏执的爱，蒙蔽亦有，这本因为是娱乐圈文吧，相对轻松多了。夏星程和杨悠明因为一部同性电影入戏太深，之前一个和小女明星们纠葛不断，一个结婚离婚。不虐，在认清各自并不是完全出不了戏后，很坚定的走在一起。可能真的有那句，我爱的人刚好和我同一个性别罢了。攻对婚姻是很认真的，受父母影响，他追逐的不一定是爱情是一份安稳。受就真的算是不定性，是真正的为演戏而生天赋吧。可能因为看的这两天刚好我的cp因为粉丝有点让我分心，看的时候有几个点还挺代入，就像都有年龄差（文里攻受差了14我的cp相差6岁），都是因戏生情入戏太深，都有过出戏，都有为爱纹身。最后一个场景是攻求婚在杀青戏份里，因为他希望受对这个人物的回忆不止于悲剧，让我想到之前磕糖磕过的杀青花束💐！,false
cafca62c-5a2e-47f0-b155-cc3fd35d2d14,病案本,BL小说,肉包不吃肉,,0,2023-01-01,"{现代,刑侦,丧尸}",现代犯罪，神经病毒感染，没啥触动不爱。,攻受都是神经病毒感染者，受是初皇被拯救后一心为责任而活，攻是第四例叠加buff牛逼，血蛊，能够沟通血液对其他精神病患者进行下蛊传达命令无条件服从。先肉后爱，俩感情线主要是一个舔一个爹系拒绝，13岁年纪差，受还离过婚性冷淡，其实俩人都是渴求被爱。最后去岛上打boss那里，有点子没趣。,false
cafca62c-5a2e-47f0-b155-cc3fd35d2d14,台风眼,BL小说,潭石,梁思喆x曹烨,0,2023-01-01,"{现代,娱乐圈}",现代娱乐圈，双A设定，现实穿插回忆的叙述方式。,梁思喆因为一场车祸失去了父母也失去原本前途光明的未来，无法再成为小提琴家的他，其实已经颓废的藏起了伤口，直到鬼才导演曹修远带给他新的希望，也将曹烨带入了他的生命。挺多窒息点，比如希望的唤起幻灭、恐同远离、动心后的不自知且逃避抵触、不被知晓的牺牲付出、喧闹中的孤独，好在最后曹烨这个死龟人愿意走出龟壳，斯人若彩虹，在梁思喆眼里他的少年无比明媚天真，是他的向日葵（满脑子黄色废料）。黎悠和曹修远那段挺唏嘘的，因为太真实吧，郑寅也算是个悲剧色彩的人物？挺记忆深的一个点，曹烨在，梁思喆就一定可以出戏。,false
cafca62c-5a2e-47f0-b155-cc3fd35d2d14,贺新朝,BL小说,三流,纪榛x沈雁清,0,2023-01-01,{古代},古偶权谋,至纯至真的纪榛强嫁状元郎沈雁清，党派相争，朝堂权谋和儿女情长占比一半一半，人人都爱纪榛，兄长大人禁忌之爱，小侯爷的青梅竹马之情。老让我想起虫虫那个文，简易版吧。,false
cafca62c-5a2e-47f0-b155-cc3fd35d2d14,二锅水,BL小说,烟猫与酒,江初x覃最,0,2023-01-01,"{现代,骨科,虐文,年下}",伪骨科，现代，年下，半路再婚家庭。,同是离异家庭长大的江初和覃最完全不同性格，覃最本是醉字为名，是他爸对他妈犯下错事的结果，所以可见的不被爱早独立，他爸死后他知道自己只能靠考出去一条路去改变自己的人生，所以他不得不寻求他妈的帮助，不负责任的被推脱给了继父的儿子江初。江初家庭殷实纵然父母离异但金钱上对他很宽宥，他妈美女也很爱他，所以他人缘好，随性，温暖，热情，碰上一根筋的狗糙玩意儿覃最，生生被掰弯。俩人生活的相处，文字细腻，不快不慢的节奏，你进我退你进我不断降低底线。康助攻值得好评！苗苗是个可怜娃，隐线叔侄恋没结果呀！覃最挺撒野二合一的，还挺喜欢这个小疯狗。江初对他也是真好，真心心疼他，攻为了受学会了体谅缓和一心只为他，受为了攻勇敢洒脱更换平稳轨道！感谢美女妈妈的理解！,false
cafca62c-5a2e-47f0-b155-cc3fd35d2d14,网恋翻车指南,BL小说,酱子贝,景欢&向淮之,0,2023-01-01,{校园},校园，游戏文，景欢为帮姐姐惩治网络渣男，进入游戏假扮女生追渣男，前面很搞笑后面比较平，能看。向淮之是个好人。,,false
cafca62c-5a2e-47f0-b155-cc3fd35d2d14,我想不到,BL小说,孟还,何毕&季语,0,2023-01-01,"{现代,校园,年下}",现代sm调教文，年下，车技杠杠,何毕把青梅竹马的男友掰弯，没几年就被出轨且是sm恶心到，遇到dom季语，自己成为他专属sub。受是负责人的大学辅导员，因为感情不得不妥协工作，他按部就班的计划生活，不敢轻易变化毁掉自己争取来的，攻是政治家庭，父母各玩各，他不解婚姻和爱情，慢慢的施虐和掌控让他才有安全感，业内认可的dom。年下，小狗驯服理论，sm调教顺从，多少不在我的喜好范围，还第一次知道产卵拳交啧啧，能看，才发现看了好几个孟还的文。,false
cafca62c-5a2e-47f0-b155-cc3fd35d2d14,解药,BL小说,巫哲,程恪&江予夺,0,2023-01-01,"{现代,年下}",现代，年下,江予夺在非人的“斗狗”环境靠狠毒血腥才能活下来，救他出来的警察牺牲了，他害怕至极，后来遇到程恪，被亲弟设计赶出家门的大少爷，善良没心机但会打架。攻受相遇第一次就打了起来，垃圾桶，喵。受是热水器打不燃燃气灶的白痴也是厉害沙画师，攻是收租地头蛇三哥也是知道自己有精神病被恐惧支配的小狗。挺巫哲的，励志，不屈服命运。,false
cafca62c-5a2e-47f0-b155-cc3fd35d2d14,表面爱意,BL小说,西荧星,言玚chang褚如栩,0,2023-01-01,"{甜文,年下}",年下差6岁，小甜文，攻受名字的发音严重影响我看文！,"差六岁挺好代的，年下直球狗，十四岁生日那天和他爹打了一架，被受捡到对他说“谢谢你在这天出生，让我糟糕的这天有了值得庆祝的事情”，哪怕是私生子哪怕不被爱，也努力成为优秀的人渴求站在哥哥身边；受因为母亲精神分裂同时父亲因为怀疑母亲出轨杀死母亲 ，让他从小备受折磨闲言碎语以及对母亲的恨，恨她抛弃了自己，所以对感情很迟钝且没什么欲求，觉得人就是孤独的，还不幸遇到渣渣ex，被pua好几年，被精神诱导控制强行脱敏。都是小可怜，不能早点相遇，只有在各自孤单的角落努力，才会在更好的时候相遇相爱。
连续两本都有精神分裂症元素，我觉得我都要疯了，还有小狗文学，可是年下忠犬奶狗谁不爱呢，管他二哈边牧还是哈士奇！",false
cafca62c-5a2e-47f0-b155-cc3fd35d2d14,高维入侵,BL小说,，司辰&季楚尧（图灵）,,0,2023-01-01,{},异世界，人类会进化增强武力，和高等生物对战寻求家园。,,false
cafca62c-5a2e-47f0-b155-cc3fd35d2d14,道诡异仙,BL小说,狐尾的笔,,0,2023-01-01,"{玄幻,爽文}",中式克系玄幻文，非BL，第一部大长篇费时一个月,疯魔火子哥晋级之路的大爽文，直男，够狠，杀伐果断，暴力！是现实是主世界还是道诡是主世界？其实应该都可以，开放式的结局吧。比较在意的人物top1邪祟黑太岁，火子哥亲闺女！虽然中途我差点磕cp😭，能把邪祟养成人的火子哥万里挑一，岁岁真的很爱她爹！top2火子哥官配小白，虽然中间差点3p，虽然他俩中间隔着血海深仇，但小白是唯一一个从头陪他到最后的人！top3诸葛渊，他死的时候我还哭了。整个故事世界观很多，比如类推盲人摸象，比如世界投影，比如无往亦无前。,false
cafca62c-5a2e-47f0-b155-cc3fd35d2d14,穿成克夫小夫郎,BL小说,,,0,2023-01-01,"{种田,古代}",种田架空,带空间金手指有灵泉储存功能。小夫郎靠种水果草莓西瓜发家，后心系百姓培育小麦水稻优质种子，改朝换代一心皇党，被封北安伯可世袭。嫁给脑袋受伤变稚童的齐三少，分家争产带姨娘庶妹其乐融融，后中探花不做官休闲散士杏林郎。,false
cafca62c-5a2e-47f0-b155-cc3fd35d2d14,富二代被迫从头再来,BL小说,,,0,2023-01-01,"{种田,古代,星际}",种田架空,很久没看到这么温暖的种田文，满满都是劲儿！主角攻受不是单一的出彩人物，群像也很丰满，商业联盟为生意主线，北方西北攻打蛮夷争夺土地，为官管理为副线，唯一缺陷就是结局仓促！明明还可以继续写！,false
cafca62c-5a2e-47f0-b155-cc3fd35d2d14,穿越之弃子横行,BL小说,,,0,2023-01-01,"{穿越,玄幻,爽文}",修真爽文,现实世界，修真界，飞升界！攻是八系杂灵根，拥有九色神魂，灵魂力无限，啥都通，嘴毒很，穿到现实世界，遇到天灵根冰髓体，只爱白云熙！,false
cafca62c-5a2e-47f0-b155-cc3fd35d2d14,白日事故,BL小说,高台树色,许唐成&易辙,0,2023-01-01,"{现代,校园,虐文,年下}",现代文，年下差6岁，文字很温暖,攻受是邻居，受成长在大家庭和睦且传统，不吝啬爱与被爱，传统的乖孩子，善良温暖聪明，A大通信工程博士。攻从小父母离异，为了让弟弟能不和歇斯底里且自私的母亲生活，选择跟妈妈，这个选择让弟弟和爸爸都觉得他是为了当时钱财都留给妈妈而做出的短浅决定，因为妈妈的不作为，从小聪明的攻自成小世界，暴力打架，但也是很善良简单。受给攻的善意，可能是唯一让他没有走歪路的原因。情窦初开后攻考上了受的大学，且同专业。作者文笔太散文，看起来很累也很难带入，全靠自行脑补，攻让我代入了喻繁和覃最，果然放学等我深入我心。比较戳我的点，一是受对攻的心疼，有点像二锅水的江初，二是最后俩人的事被受的妈妈知道后，妈妈的反应和奶奶的那段，受哭着对奶奶说“他是特别好的人”，我整个爆哭，三是俩人互换银行卡，靠着扣费短信的弱关联。他们很坚持不分开，哪怕是怀柔策略，最后攻给受妈妈信，也是爆哭，笑死，养老送终。后面再看，受留的那封信真的很感人，”对不起“和”我爱你“。,false
cafca62c-5a2e-47f0-b155-cc3fd35d2d14,我的理想小镇,BL小说,青色羽翼,穆思辰&秦宙,0,2023-01-01,{无限流},无限流，剧情向，剧情线不错感情线稀烂,这是一本剧情线不错感情线稀烂的文，世界设定是有“远古”这一绝对污染的存在，不断侵蚀世界获取能量，宅变世界变为异世界后，继续吞噬污染下一个世界就是主角受的现世界，故事就开始了。从最初的世界开始，就有一群战士他们通过获得远古的力量，与其抗衡，但终究会因为经不住污染的力量变成神级怪物，自我封印，他们中有选中的一人名为夕阳，会在灭亡后保留意识，和先驱者意识群体融为一体成为系统；一人名为守墓人，成为异世界的坐标，便于系统在下一个现世界找到合适的先驱者们，进入异世界，抵抗污染驱逐远古。受就是被选中的夕阳，攻是神级怪物，受因为自我之力，成为这轮最有希望抗衡远古的力量，通过在异世界，对每一个神级怪物领域的占领，获取力量，组建战队，最后保护了自己的世界，同时也和攻在现世界he大结局。这个文的世界观设定上，除了有异世界神级怪物这些存在，也有镇压神级怪物的柱的设定，都需要灵魂能量和情感能量的攫取，维持稳定。八大神级怪物，系统/秦宙/深海/沈霁月/定数/卓飞驰/蝴蝶/大眼仔，其实他们也都是被选中的先驱者，都是有坚定的保护世界的意识，除了沈霁月这个疯批变态。每一个小镇通过占领柱，转变为自我图腾来实现晋级，每一个柱就是一份情感，就是一段故事。故事线真的不错，基本无坑，几乎完美自洽，cp感情线真的太难太入了，和战友们的感情反而更容易共情。,false
cafca62c-5a2e-47f0-b155-cc3fd35d2d14,美学公式,BL小说,空菊,丁以楠&霍执消,0,2023-01-01,"{现代,娱乐圈,甜文,无限流}",现代，小甜文，车技不错电动小马达,在无限流后面接一本小甜文且有车技不错的现代文，很解乏。受私人助理楠楠如名字是温暖的人，工作认真负责，做人有原则；攻浪漫主义建筑设计师如其名，小执拗，和人相处情商显得不高，是有灵性的努力的天赋型选手。俩人本是上下级，酒后且俩人一个错失奖杯一个男友出轨阴错阳差滚在一起，追求人体黄金比例的完美主义攻，本没把179cm的受放进床伴清单，但一夜情后，逐渐发现受就是他的美学标准，腰臀比也好，知道他不爱吃淡水鱼的喜好也好，慢慢的俩人公私不分，辞职自己做工作室独立创业。攻的老爸传统中国父亲打压式干涉型培养方式，最后其实是自己把儿子卖给儿媳不自知，有点喜感。还有一堆副cp，男明星和男助理，一般。,false
cafca62c-5a2e-47f0-b155-cc3fd35d2d14,飞来横犬,BL小说,巫哲,孙问渠&方驰,0,2023-01-01,"{现代,年下}",现代文，年下差10岁吧，很巫哲大大的风格，细节的日常中充斥细腻的感情流动，人物都很正向。,因为北哥配的广播剧，所以看了这个文，过程中共情了好几个其他文，比如二锅水覃最年下小狗的坚定，比如台风眼中梁思喆的陪伴等待。孙问渠出生陶艺之家，他爸对他在陶艺上的期许很大，定义孩子是他的作品，没有感受过父母爱家庭爱的孙问渠，琴棋书画陶专业优秀，但性子奇怪，看似啥都可以挥霍无度的废柴富家子。其实我觉得他是害怕认真。方驰很独立，父母在他的成长中除了给生活费，没有充当任何角色，是在爷爷奶奶的陪伴下长大，喜欢攀岩喜欢爬山，自由义气自律活力。他知道自己是同但他不敢认也不想认，直到遇见孙问渠。从最开始的讨厌，到发现对方的优秀，两人各自学会勇敢学会认真学会担责任。比较戳我的是孙问渠徐徐图之，等方驰愿意承认自己是同，虽然他不是刻意，但不知不觉的很喜欢这个小自己十岁的年轻人的一切。方驰也在看到了孙问渠的矛盾面后，生活和对待工作的矛盾面，勇敢的承认了“我真的很喜欢你”。最后和爷爷奶奶坦白的那段，很感动，方驰的勇敢，孙问渠的适度，爷爷奶奶对方驰的爱和理解。只想说一句，愿天下的同性恋，都能得到理解和爱。,false
cafca62c-5a2e-47f0-b155-cc3fd35d2d14,人间试炼游戏,BL小说,弄清风,唐措&靳丞,0,2023-01-01,{无限流},无限流,冷漠而悲悯的神创造一切，人间试炼游戏通关为成功，或轮回或消散凭自愿，失败（早亡包括不仅限于自杀）则进入永夜城进行生存考验，通过副本的一个个闯关，获得积分获取奖励晋级，最终获取重新投胎的资格。,false
cafca62c-5a2e-47f0-b155-cc3fd35d2d14,大撞阴阳路,BL小说,，陈阳&度朔,,0,2023-01-01,"{现代,灵异,无限流}",现代灵异,呃，至阴体质配给酆都大帝阴婚只为保命，却不知阳阳的坚韧顽强生命力，让大帝爸爸欲罢不能，全程buff全开，阴阳两间就没有夫夫二人搞不定的！不太喜欢的点作者老用小妻子字眼，还有就是一个故事一个故事看似和无限流类似的结构，但每个案子记忆都不深刻，记流水账。,false
cafca62c-5a2e-47f0-b155-cc3fd35d2d14,重回我爸的高中时代,BL小说,三千风雪,路潼&秦初,0,2023-01-01,"{穿越,重生,现代}",现代，重生穿越,泪点全在代入小15魂穿到父母爱情时代的时期..想得到更多的母爱，想让妈妈多抱抱。由由比较在意的点是觉得逻辑不能自洽,false
cafca62c-5a2e-47f0-b155-cc3fd35d2d14,夜潮褪去,BL小说,三道,宋然&沈闻飞,0,2023-01-01,{现代},现代，不长嘴系列,文笔细腻，不矫揉造作刻意抒情，但一直跟着落泪梗啾啾，不算追妻火葬场，毕竟我们小沈只是没长嘴，做的事一点都没少爱意满满！宋然这条小海鱼向往着水面上璀璨明媚的光景，却又只敢小心翼翼地探出脑袋去偷窥不曾踏足的领域，有一点风吹草动，就会摆尾潜入沈闻飞为他构建的狭小但安全的洞穴，而严鸣的出现像抛了一把钩了诱饵的钓竿，引诱着宋然走出氧气稀薄的水下世界。可是海鱼为何叫海鱼，因为他只能在海里才能自由自在。,false
cafca62c-5a2e-47f0-b155-cc3fd35d2d14,滚刀,BL小说,清自,方月明&周旭呈,0,2023-01-01,{现代},双性，现代文,富养长大的月亮，单亲妈妈给足了他爱与安全感，教会他喜欢就去争取，想做就去尝试，随心自由，同样也让他养成一贯的自我保护的方式，有一种强颜欢笑假装坚强。周渣男属于富二代，聪明有能力的富二代，万花丛中过，片叶不沾身，喜欢自由喜欢极限运动，因为传宗接代被哥哥下药差点被安排。两人通过直播连麦认识，月亮勇敢争取，渣男动心但不愿意被束缚，不愿意承认自己被接受。车写的不错，没有我讨厌的那些逼呀什么的字眼，月亮女装很好看，羡慕他，比匹诺曹呃呃孙姝予幸福太多。没有看到番外，应该是有小月亮了。番外车不错，也更多的感受到攻对受的偏爱，生日快乐，快乐并不是因为生日，而是因为你带给我的快乐。,false
cafca62c-5a2e-47f0-b155-cc3fd35d2d14,娑婆,BL小说,诗无茶,提灯&谢九楼,0,2023-01-01,"{玄幻,灵异}",灵异玄幻，有买实体书。,大道无情，往往让天神牵绊的只有一丝俗世情缘，管他什么天下苍生，观音想要的不过是珍惜之人能有轮回，不过是想要泥点子长长久久活下去。这篇文的世界设定还挺好理解，只是很多名词像作者原创似的，挺拗口，又感觉东拼西凑（由由说不能这样说哈哈哈骂人抄袭借梗能但我真的这样觉得我总能联想到天官）。前面困惑的时间线，在故事的讲述中作者都有好好填坑，最后我不惑的是无界处不是类似黄粱一梦吗，为何最后毁尽永净泯灭能仁后它还能存在？最后笙鬘呢？很喜欢文里的攻受，攻很爱，以为自己爱的作践爱的卑微，殊不知受爱他更甚，疯批，愚笨，纯粹，只为他一人，不管是三百年的等待，还是一百年的火烧，都只为一人。楚二和小鸟的be意料之中，有点眼界不同本就不是一个世界的人，何来心意相通之说呢。,false
cafca62c-5a2e-47f0-b155-cc3fd35d2d14,顶级攻略,BL小说,焦糖冬瓜,,0,2023-01-01,"{穿越,ABO}",穿书文，abo，末日荒星，记忆点不深估计不爱。,,false
cafca62c-5a2e-47f0-b155-cc3fd35d2d14,于青,BL小说,花卷,江于青&陆云停,0,2023-01-01,{ABO},小古偶,开始以为会是哥儿的设定，但没有就是纯爱病娇狠辣美人爱上因为冲喜买回来的童养男媳。受挺讨喜的，老实豁达懂感恩作者给了buff读书好过目不忘又心怀天下，必然是在仕途成相。攻就是头脑聪明，睚眦必报的快意恩仇，从一开始的讨厌到慢慢的喜欢，明确自己心意后真是护短且坚定，他爹问他如果男男成婚的闲言碎语影响了受的仕途怎么办，攻说那就绑回来弥补他做个富家翁，挺好，不是那种牺牲设定。反正不管怎样都是一生一世一双人。,false
cafca62c-5a2e-47f0-b155-cc3fd35d2d14,软饭硬吃,BL小说,沙舟踏翠,许清和&裴晟烨,0,2023-01-01,"{重生,娱乐圈}",重生娱乐圈文，生子隐宫双性设定。爽！甜！,清和重生在被安排拉皮条的那一晚，上一世的他因为走错感觉误了别人的好事导致被网暴被骂小三被泼硫酸被打残废，痛苦的自杀。重生后他专心搞事业，且糊且认真，奈何金主爸爸就是爱他宠他，为他怒投娱乐圈，生一次气六百万！,false
cafca62c-5a2e-47f0-b155-cc3fd35d2d14,豪门大佬为什么都用这种眼神看我,BL小说,公子于歌,阮星遇&薄聿京,0,2023-01-01,"{穿越,重生,娱乐圈,甜文,豪门}",穿书重生娱乐圈小甜文。,受穿书到晋江纯爱文做炮灰受，逆天颜值，张扬发色，绝妙身段，阳光明媚，靠自己不搞男人搞事业的冲劲儿，一改炮灰剧本勇攀豪门巅峰。攻外表禁欲人夫，实则毒蝎狂野，晋江男主团标配plus级别，对受一见钟情，碍于朋友妻不可欺一直隐忍，奈何渣男前主角攻和继母弟弟前主角心机婊受。,false
cafca62c-5a2e-47f0-b155-cc3fd35d2d14,我在惊悚游戏里封神,BL小说,壶鱼辣椒,白柳&塔维尔️️️️️,10,2023-01-01,{},,,false
cafca62c-5a2e-47f0-b155-cc3fd35d2d14,爱情公园,BL小说,卡比丘,许渭尘switch&唐既明jimmy,0,2023-01-01,"{现代,校园}",现代文，爱情笨蛋。,十六岁的switch性格有很多缺陷，脾气差任性暴躁随心所欲，一旦发现不能得到回报便立马收回付出，且竖起坚硬外壳，伤人又伤己还不自知。十八岁的jimmy有自己的一套游戏规则，因为沉迷游戏被父亲送去教会学校，在那里小jimmy用通关游戏的方式遵守规则聪慧早熟得体大方目标明确，他很早就形成了自己的价值观，虚假与表演只是达成目的的无害方式，善意的谎言的严格执行者，他会对父亲奶奶好，因为有利于母亲对离婚争取财产，他对switch好，因为两人母亲是好友且寄人篱下。两人相遇，各自拿着各自的剧本开始了爱情之路，从不对戏，笨蛋演员。从高中到大学到工作，攻一路照顾着受，因为攻创业资金问题，受将亡父留的信托基金借给了攻，由此提出一年四次上床的要求，攻答应了。当攻确定自己把受真正纳入生活确定是爱情后，第一次表白因为误会中断，最后在自己做的游戏支线偷偷植入了这一段表白，最后受也是在通关支线才知晓了攻的心意。我以为你只是得体待人，你以为我的理想型和你完全相反。两人除了各自性格导致的进进退退，还有两人母亲的缘故，攻的妈妈比较开明接受度高，但受的妈妈一开始的不接受到后面的控制欲强，最后也算是攻用他那一套行事套路了受的妈妈，当攻很清楚，游戏是游戏，生活是生活，他创造了游戏规则会导致必然的结局，当生活不是游戏。,false
cafca62c-5a2e-47f0-b155-cc3fd35d2d14,男生们为什么都用这种眼神看我,BL小说,公子于歌,翟星辰&裴勖,0,2023-01-01,"{穿越,娱乐圈}",娱乐圈文，穿书⭐️⭐️⭐️,,false
cafca62c-5a2e-47f0-b155-cc3fd35d2d14,再见贺之昭,BL小说,柏君,许添谊&贺之昭,0,2023-01-01,{现代},现代文，竹马重逢，又一个笨蛋爱情故事,,false
cafca62c-5a2e-47f0-b155-cc3fd35d2d14,跨界演员,BL小说,,,8,2024-01-01,"{校园,娱乐圈,爽文,甜文}",瞿编用从高中提笔的本子拍了一部剧，和梁思哲的《梁生如梦》一样，渡人渡己，用双生子隐喻人格分裂，更映射年幼的他内心的挣扎；,"by北南，娱乐圈文。💟瞿燕庭&陆文，《别来无恙》联动篇。怀着导演梦想的编剧和拥有歌手梦想的演员因为一部剧相识相知相爱。瞿燕庭的童年充斥着痛苦自卑艰辛，父亲的车祸去世父亲的导演梦想母亲的复杂爱恨弟弟的抚养压力导师的恶心打压，让瞿燕庭在遇见陆文时不敢第一时间去抓住爱情，因为他怕他不值得。
开篇甜文很开心！北南的文字一如既往的以景烘情，让人的心跟着人物走故事线，暖烘烘。瞿燕庭的成功，是他一步一步踏着荆棘而来，小时候的鱼腥味被排挤，穷困无助，努力养大弟弟到不得不送走弟弟，大学时期导师求爱失败后的针对打压，万幸他遇到了陆文并勇敢的接受了陆文的爱。比较戳心的几个点：
陆文很逗比，很直男，很自恋，但很真诚，虽然“我保护你”对于瞿燕庭来说是一句可怕的咒语，但陆文一直用行动告诉瞿燕庭，他可以保护他，不管是大方对兄弟对父亲坦言爱人，还是面对曾震龌龊的逼迫手段而锤下去的一拳，陆文都在用自己的行动给予瞿燕庭安全感，告诉他，他就是值得所有美好；
社恐小作家和倒霉小歌手的qq互帮互助，两个人谈出了四个人的恋爱的即视感；
四人帮很好，金融劳工苏望/酒店大亨连奕铭/超级无敌顾拙言，他们对最小的弟弟很宠，确立关系后就立马组局测试，酒拼不过牌打不赢，但会偷偷留纸条让瞿燕庭也喝醒酒汤，也会告诉瞿燕庭，陆文很爱他，四人帮永远铁！
陆战擎很好，深爱唯爱难产而死的老婆，对儿子的爱不宣之于口，是陆文最坚实最可靠的后盾，偶尔流露出的爱很可爱，比如想让他们结婚，更多的是希望瞿燕庭能在他家住得更顺心自然，也希望瞿燕庭能正式唤他为爸爸；
在他们身边有很多良师益友：瞿燕庭的师傅，面对自己婚姻的腌臢面对丈夫龌蹉的举止她选择睁一只眼闭一只眼，她逼瞿燕庭冠名剧本的时候用了一句“你要知恩图报”，特别生气，但她是了解自己的徒弟深知自己徒弟的才华不仅仅于此，努力给他铺路；陆文的经纪人，一路陪着他照顾他尊重他，哪怕最后
最垃圾的真的就是曾震，连替身小演员都不恨了。yue！",false
cafca62c-5a2e-47f0-b155-cc3fd35d2d14,完美离婚,BL小说,,,6,2024-01-01,"{校园,娱乐圈,豪门}",by五军，娱乐圈文。袁星洲&叶淮，重逢的时候，我已爱你好多年。,袁星洲似乎从小不富裕，读书的时候其实很受同学欢迎，因为他人好因为他自带香气，外号“小花”，大学毕业参加选秀进入娱乐圈，因公司权斗被雪藏，后被迫塞进了组合成团出道，但确实团欺，因为他老好人，但在别人眼里就是爱出风头假好心抢戏绿茶心机，最后为了掩盖别人的丑闻被迫和团队top叶淮结婚。但其实叶淮关注他很久，默默保护他很久。叶淮出生富贵，他爸在离婚后居然带回来比他还大的私生子，叶淮不喜欢那一套豪门争家产的戏码，自己闯入了娱乐圈，但性格很独因为他有独的资本，他很聪明什么东西都是一学就会一做就是超级厉害。为了掩盖别人的丑闻，他主动保护袁星洲和他协议结婚，并离开两年。他们的重逢故事就从两年后开始，此时袁星洲已经成为口碑不错敬业好相处的小演员，而叶淮回来后也开始走上演员的路，两人同住一室，一个爱的隐秘，一个爱的霸占。慢慢的，叶淮知道了这两年离开期间袁星洲炒cp的很多细节其实都是把他当作唯一的依靠，袁星洲也慢慢发现原来早在很久之前，叶淮就开始保护他陪着他，最后两人接触协议婚姻，重新以爱的名义结为夫夫。虽然连续两本娱乐圈文，但都三星推荐，很喜欢。作者并没有按照时间线去描述故事，也不是直接写出来他们各自的爱，总是在不经意间，纰漏出原来还有错过的糖我们没有吃到。叶淮一次次的打脸那些黑袁星洲的人，袁星洲也慢慢的从老好人顺从屈服，到明确自己的态度坚定直白的表达自己。淮州cp越来越好。,false
cafca62c-5a2e-47f0-b155-cc3fd35d2d14,被太监糟蹋之后,BL小说,,,6,2024-01-01,{},by十三，海棠太监文，去蛋留势不能in。行暗卫柯景寅x厂公督主厉钦，豪车。,6岁时小景将玉貔貅给了厉钦，彼此承诺要互相保护，是年幼时真挚的感情，并约定不会忘记彼此，只要看见玉貔貅，小景一定认得师兄。但是，成为暗卫前的催眠让他完全忘记了这段最深刻的情感记忆忘记了厉钦师兄。后面的十几年，小景过的很苦，成为暗卫不见天日不露人前，为殿下当试药人中毒颇深武功尽失；厉钦被生父为了权势扔进宫里成了太监，被唾弃被鞭打，一步一伤成为厂公督主，从殿下手里救出了小景。忘记他的小景惧怕他到慢慢喜欢他，到最后催眠恢复记忆，才发现师兄为他做了好多事情。最后，终于彼此都找回了最珍贵的人。一开始以为是单纯的肉文，但最后看下来心啾啾，第一人称跟着受一层层的了解攻对自己的感情，从疑惑到确定再到最后记起，厉钦真的好爱呀！人人声色变的太监督主，在他面前时刻知晓他的情绪，强制的性爱是占有，隐匿的哭泣是无助，即便是知道他会离开，也要为他解读后再放他走，也是抱着会死在他手上的心为他治病疗伤，偷偷藏着他堆的雪人，偷偷为他酿酒，偷偷为他报答养父母的恩情。车也是好车豪车，手法和感受的描写都很细腻，有种润物细无声的触感。,false
cafca62c-5a2e-47f0-b155-cc3fd35d2d14,春山码头,BL小说,,,0,2024-01-01,{校园},by七弦，养胃双性。沈浮汐&郑临渊。,学霸和学渣，两个孤独的人久别（6年）重逢的爱情故事。六年后的重逢，写的一般，没有前面感触多，虽然前面是散碎的片段，但两人的情感是可以共情到的。攻养胃但并不自卑，他优秀独立傲娇有目标，他并不想受一定要好好学习考个好大学，他只想要他们能好好的平凡的共度一生，他一直说的是：等等我。两人从没说过喜欢，不管是性事越来越合拍，相处越来越自然，受的设定也是，能感受到他想要保护姐姐的勇气，对父母离开的悲伤，以及最后肯定他会生下孩子。但最后重逢后的故事，并没有多大动人，烂尾吧算。,false
cafca62c-5a2e-47f0-b155-cc3fd35d2d14,三伏,BL小说,,,0,2024-01-01,{校园},by巫哲，校园文。江阔&段非凡。,貌似是难得的有钱攻。看的过程中总是会对比作者大大大其他作品，比较一致的写作风格，故事很生活化，很容易代入到人物的情绪里，对比起来《三伏》更细，猜想是不是因为故事的时间跨度最短，人物最多，不得不写得更细节日常，每个群像人物的个性情感牵连，都必须通过事件呈现。,false
cafca62c-5a2e-47f0-b155-cc3fd35d2d14,偷风不偷月,BL小说,,,6,2024-01-01,"{穿越,现代}",by北南，现代民国穿越文。沈若臻（楚识琛）&项明章。,专心搞事业的男人最帅气，民国来的小行长耍起小脾气来很可爱，特别是用不惯吹风机，吃东西被四朵金花吐槽，涉及到的竞标，甲方需求沟通，危机处理，节奏紧凑但又不会让你觉得太仓促，作为曾经的运营狗，很喜欢。两人的感情线也很细腻，双方都情起好奇，古板小沈要在新时代开启新生活，也想为自己的“偷盗”行为对楚识琛进行弥补，认真赤诚的为了家人，为了公司，去求人屈居秘书一职，去求谅解哈尔滨冬季跳河，与前身的大相径庭脱胎换骨，以及自身的周正严谨，上位者决策者的姿态，都很让项明章着迷；同样，项明章的优秀谋略大度，也让小沈情难已。这篇文虽然是耽美小说，但文笔很散文很舒服，因为有两个时代的差异，文风分明代入感强。相互陪伴外，多了时代背景造就的大无畏气魄，给小沈增添了很多个人魅力。,false
cafca62c-5a2e-47f0-b155-cc3fd35d2d14,铜钱龛世,BL小说,,,0,2024-01-01,"{重生,玄幻}",by木苏里，玄幻人龙。薛闲&玄悯。,薛闲真龙寻骨引出故事，玄悯铜钱禁制解除推进故事，从江世宁到石头张，从抽河入海到江山埋骨，最终是祖弘（三代国师）披着保百世江山平安的皮揣着长生不老的私心，未达目的罔顾人命，连环布阵，最终必须是失败。90%之前只有一个雨雾朦胧的手工活儿，和一个死亡道别吻。整个故事的讲述前面85%都在铺垫，集中15%交代了一切始终，让我读得如鲠在喉。故事角度来讲，前面铺太久，娓娓道来以为会是层层揭开，结果猝不及防我都没反应过来，答案已经甩出来了。前面每遇见的一个人，攀扯的交情，包括遇阵破阵，描述得挺细致的，只是并没有什么伏笔，最大伏笔恐怕就是前世今生的红绳子了。感情角度来讲，并没有共情到，以为会是作者其他文那种设定，前世今生牵连不断再续前缘，并不是，灵气相通后的情绪共鸣能看懂，但怎么开始的，有点子不理解，只在最后作者通过同灯对徒弟的无奈，觉得徒弟就是对“折腾不息”对生物有不可抗拒的妥协。如果只当做民俗杂谈来看，也说得过去，给予的期望太高，可能是我太局限俗气，自以为会有爱人间的抽骨拔筋之仇哈哈哈，虐恋呀。,false
cafca62c-5a2e-47f0-b155-cc3fd35d2d14,沙雕渣攻今天又渣了我,BL小说,,,0,2024-01-01,{现代},by红口白牙，现代全息游戏。邱言至&贺洲。,玩家和NPC的竹马爱情。流畅逻辑清晰，细节满满前后印证。以为是沙雕纯爱，却满是人生态度。反派叶宏远也挺唏嘘，强压自己的喜爱只为偏执的不想成为既定剧本人物设定，逃离游戏控制，想自由自主。如人的命运，不是不争不进，只是遵循定数。,false
cafca62c-5a2e-47f0-b155-cc3fd35d2d14,酒徒,BL小说,,,0,2024-01-01,{现代},by秦三见，现代文。陈白尘&管逍。,极度洁癖傲娇攻和酒鬼颓废丧气受。量子阅读，就觉得受好惨，父母齐齐自杀独留他一人，他倔强的要住在凶屋，倔强的惩罚自己被抛弃。哎，要是扩写这个人物，应该还是很丰满的。,false
cafca62c-5a2e-47f0-b155-cc3fd35d2d14,揽明月,BL小说,,,0,2024-01-01,"{种田,穿越,古代,玄幻,灵异}",by归鸿落雪，穿越水仙文。王滇&梁烨。,无人渡我，我自渡我。前30%让我恨为何此文不在海棠，到50%我在疑惑难道要开始种田文了吗，再80%再次疑惑咋又灵异修仙转世轮回。但也确实因为这些让人看着至少不会要弃文。人物设定很饱满，群像很有立体感，很喜欢王滇和梁烨的拉扯，暧昧试探，怀疑信任。朝堂权谋部分欠缺前期埋线，最后感觉就是又快又多的塞给读者，“看，这就是答案”，这一点差评。,false
cafca62c-5a2e-47f0-b155-cc3fd35d2d14,半职业半仙,BL小说,,,0,2024-01-01,{},by拉棉花糖的兔子，民俗杂谈。谢灵涯&施长悬。不提感情线的话，是个好文。,真伪小道士俩的爱情。接管舅舅道观的谢灵涯，一心只想考研，带领道观赚钱同时为舅舅挑选合格的继承人和徒弟，入星骨带来的天分以及海绵精似的学习技能，将小道观发扬光大。不提感情线，是个好文，道佛都有涉猎，道门细节很多，严重怀疑作者就是门中人。文笔风趣，不拖沓，故事节奏中评吧，感觉有些情节可有可无，除了狗字数没啥用处。,false
cafca62c-5a2e-47f0-b155-cc3fd35d2d14,兼职无常后我红了,BL小说,,,6,2024-01-01,{娱乐圈},by拉棉花糖的兔子，民俗杂谈娱乐圈。💟兰菏&宋浮檀,"生无常和病身红莲的爱情故事。十八线小糊糊兰菏爱岗敬业，从小体质能见鬼，但他只想搞事业却被强行兼职生无常，从此开启了阳间糊糊的走红之路以及阴间来无常老爷威名响振整个地府和东岳阴司。高冷编剧宋浮檀天选之子病身红莲从小易离魂，见多太多饿鬼丛生，可能对未来对亲密关系都没有太多的期待，内心孤单，直到遇到小来，有趣的灵魂。两人并肩作战，阴阳携手，最后的大战弑神，无常与红莲焚纸为器裂纸成符，独一无二的良配！总说大道无情，凡人在神性面前蝼蚁一般，却不知神性亦生人性，贪嗔欲念均不能免，看完半仙直接看了同类型同作者的无常，没有觉得很累，作者叙事仍然流水账似的但并不觉得累，言辞松快节奏适当：
1.道士知识丰富，表述清楚易懂；
2.人物有趣，群像也很丰满，胡胡白白柳柳黄黄，最爱白稚仙刺儿团，社恐高手，胡大一股子江湖大姐做派，79就是一副精灵小丫头家政好能手，老白就是只会要钱的大少爷两手不管家里事，刺儿团白五嫉妒社恐的嘤嘤怪应该是最忠心的家仙了吧，两个自以为是龙的蛇精武力值最高爱嗑糖爱认爹，瓜二的俩黄描述很少凑数用；
3.感情线一如既往的希碎，让我感触比较深的一点就是胡四搞事唯一让宋浮檀动摇的一次，就是他深思人鬼殊途想和他认为死了两百多年的小来双双赴黄泉；
4.大结局大战的影实呼应，生人弑神，人的神性和神的人性，迷信与不迷信，皆在心。",false
cafca62c-5a2e-47f0-b155-cc3fd35d2d14,同寝那个基佬好像暗恋我,BL小说,,,0,2024-01-01,{玄幻},by尾文字鱼（wb：座山鸽），玄幻。💟江隐&祁景。,上古四凶被封印后现世，身负诅咒的四大守墓人后代本应齐心协力，却各自为了私欲，视人命如草芥，赤诚之心的人还是有，年轻一代的江隐祁景陈厝小白，一路升级打怪。更喜欢副cp，穷奇和齐木流，这俩居然都有车，正主攻受都没有太多。为什么穷奇的一缕魂魄附身在祁景身上，作者没有交代。现实故事的推进和做梦知晓六十年前事情的穿插，有点乱。小说章节标题也没有关键字，连想复盘下都无从下手。,false
cafca62c-5a2e-47f0-b155-cc3fd35d2d14,加菲猫复仇记,BL小说,,,0,2024-01-01,{现代},by金刚圈，现代萌宠文，猫妖设定。李臻弱&李臻然,泰然自若凑齐，但没一个是李家血亲传人。完全没懂为啥二哥就爱上了四弟，明明会变身人形后到接触就那么几次？金刚圈的文，很多偏执的爱，但不管是蒙蔽的受还是的攻，总能找到情感开始的那条线，这个真的不能体会。能共情到的就是爱人之间的计谋，其实也是爱的一种方式，把握不好，确实会在信任方面造成模拟两可的猜忌。,false
cafca62c-5a2e-47f0-b155-cc3fd35d2d14,联姻后两条咸鱼被迫翻身,BL小说,,,0,2024-01-01,"{古代,ABO,骨科,星际,爽文,甜文}",by言笙笙，星际甜文，abo。💟孔淮殊&展煜,大故事背景是星际时代，兽人同志宇宙，与虫族的斗争不断，蛇鹫军团从雇佣兵收编到政府军团，但统治者狮子家族的皇帝却为了一己私欲出卖军团导致几乎全军覆没。孔雀家族和金雕家族话事人。家族俩纨绔废物被大哥扔回去联姻，一个英俊明艳张扬，一个硬朗帅气沙雕，双A齐头并进为了爱人一步一步走到彼此身边。文风轻佻节奏轻快，有血亲兄弟的相互信任相互支持，也有异性战友间的相互依托并肩作战，每个人物都挺喜欢。暖心兄嫂让我联想到陆上锦和言逸，小白毛孔雀阳阳超级无敌可爱，应该和兔球有一拼。,false
cafca62c-5a2e-47f0-b155-cc3fd35d2d14,高岭之花被万人嫌拉下神坛,BL小说,,,0,2024-01-01,"{校园,ABO,虐文}",by杳杳一言，校园甜宠，ab恋。谈宁&林颂安,没有被爱过也不知道如何爱人，觉得自己就会一直在阴影里活着的谈宁，终于等来了给他一束光和无穷爱的林颂安。始于颜值肉体，终于两情相悦。ab恋摆脱信息素的原始生理压制，林颂安为了谈宁选择切除腺体，放弃九级alpha；悬殊的家庭条件，林颂安努力让自己成为把握话语权的那一方，用自己的能力保护谈宁。林颂安真的好爱，谈宁小猫就是个小刺猬，心疼。谈宁躲衣柜那里，真的是心疼到了极致。,false
cafca62c-5a2e-47f0-b155-cc3fd35d2d14,石榴,BL小说,,,0,2024-01-01,{校园},by将在今夜吻你，高干/强制。刘学&廖远停（雷未成年强奸的避开）,是一见钟情也是两情相悦，但迷奸未成年的廖远停真的很禽兽。憾：善良的爷爷不得善终，痴情的奶奶困于痴情，追逐名利的廖华恩最终被名利所伤，被爱囚禁的苏婧迷失于爱，想要在仕途上做出政绩而远离仕途的廖远停，一心想要上学却最终无缘大学的钟骁意。 幸运：刘学的一见钟情，廖远停的两情相悦。,false
cafca62c-5a2e-47f0-b155-cc3fd35d2d14,楚天以南,BL小说,,,10,2024-01-01,{校园},by大风不是木偶，校园学术。💟💟唐蘅&李月驰,"唐蘅是个妙人，有钱家庭少爷的小脾气一点都不少，爱干净穿潮牌，学习好玩乐队，好友两三，可谓生活干净。父亲应该是他的精神偶像，车祸意外去世后，情绪上其实是有创伤，他变得偏执，执拗，有自己单一的是非观，像个小刺猬（李月驰说他像条小狗，一句过来，就摇着尾巴屁颠屁颠的跑过来）。其实他想学的是金融，分数不够调剂到了社会学，慢慢的爱上这个学科，也打算走一条科研的路。早早计划好自己的留学之路，也向母亲出柜，是有计划的让自己认真的生活在可掌控的人生轨迹里的人，有能力有财力让他面对世界，肆无忌惮，而且他不刻板不无趣，他有激情有热爱。看脸小唐第一眼就看上了李月驰，好看，再叠加为他受伤的滤镜，即便李臭脸多次拒绝，但小唐都不可自拔的爱上了，李月驰在他这里，是任何事情都可以一而再再而三，是揉不了一点沙子受委屈，是不用李月驰付出等式代价就可以得到爱。 李月驰是个狠人，带着一身的代价，从贵州大山里固执的闯了出来，原本他的生活轨迹会是毕业后回家乡志愿建设，直到他回家路上看到了小唐少爷在唱歌，直到小唐少爷爱上了他。李月驰用喜欢女人，有女朋友骗过唐蘅，但世上唯有三样东西欺骗不了：咳嗽，贫穷和爱。宝通塔里，他们在一起了。 李月驰的世界里，其实是封闭的，他遵循自己的行为准则，所以当他知晓唐国木对田小沁做的事情的时候，是非黑白他是果断选择了的，只是他有了顾忌，他害怕唐蘅世界坍塌，他要保护唐蘅，用自己不成熟冲动的行为去保护唐蘅有亲人的世界。他推走了唐蘅，欺骗唐蘅，宁愿唐蘅恨他，毁掉了自己前面二十几年的等价交换。重逢后，李月驰是矛盾的，应该远离，却又忍不住靠近。慢慢的发现唐蘅的不正常，慢慢的看到唐蘅结痂的伤疤，也看到了唐蘅一直未变的爱。唐蘅，还是那个真挚，看不得李月驰被欺负的小狗。 有爱有软肋也有盔甲，唐蘅不再害怕，勇敢的去面对真相，重回武汉，不断遇旧人，不断窥真相，不断去确认李月驰的真实，最后揭露了田小沁自杀的真相，唐国木也罪有应得。 一切尘埃落定，唐蘅和李月驰回到了贵阳，故事就这样结束了。
故事发生地在武汉，特殊的城市，给了特殊的情绪。南湖，农大，珞喻路，街道口，群光广场，广埠屯，卓刀泉，宝通禅寺……在武汉的四年，还未开通地铁，但随处可见基建的灰尘仆仆。那时我们没钱，记得那年跨年夜，从狮子山校门口走道街道口，因为没有更多的钱打车，但那时很开心，穷开心。作者通篇借景抒情，落叶船灯，灯红酒绿，湿气潮热，情动是口干舌燥，心动是枯叶燃尽，跟着文字仿佛又重新回到了武汉，坐在酷暑的教室里，躺在寒冬的宿舍里，走在烫脚的柏油路上，头晕眼花。唐蘅说“李月驰，我爱你，是免费的”，我也对孙亮说过“迷路了，没关系，站在原地我一定会找到你”，幸好，李月驰没有丢失唐蘅，也幸好，我没有怨恨孙亮。",false
cafca62c-5a2e-47f0-b155-cc3fd35d2d14,印象失真,BL小说,,,0,2024-01-01,"{现代,虐文,年上}",by毛球球，现代文。江乘月&路许。,年上10岁差，软糯bking乐队drummer江乘月&头部顶奢品牌设计师路许，受借住到攻家里，攻开始是很嫌弃的。小乖月太可爱了，很心疼不敢接电话的他，还有乐于报备分享行程的他。,false
cafca62c-5a2e-47f0-b155-cc3fd35d2d14,覆水满杯,BL小说,,,0,2024-01-01,"{现代,破镜重圆}",by木三观，现代文，破镜重圆。辛千玉&宿衷,傲娇辛千玉&华尔街算法大拿宿衷。不会爱的表现千千万万，但只要深爱且真爱，总会有重逢的一天。受爱得很理智，喜欢小玉的张扬跋扈，爱了我就给得起，退了我也放得下。,false
cafca62c-5a2e-47f0-b155-cc3fd35d2d14,点火樱桃,BL小说,,,0,2024-01-01,"{现代,豪门}",by木三观，现代先婚后爱。李鹊&施弥明，港风。,作精美人和霸道总裁。香港富豪圈的大背景，外来新资本和世家豪门联姻各取所需。以为只是花瓶的受，是率真随性，爱钱爱名。和覆水满杯比起来，更喜欢这本，可能是有mess up的滤镜，透过这个去看，两个主角更加丰满。,false
cafca62c-5a2e-47f0-b155-cc3fd35d2d14,睡醒再说,BL小说,,,0,2024-01-01,{现代},by呜咛，现代奇谈。裴悉&贺楚州,以为会有点商战，并没有；设定挺好玩，AB面的心心轮着一点点爱上小贺，其实我也想问，是不是是个人有后遗症失忆换人格这样折腾小贺，他都会是这样温柔包容。当然会爱上必须是心心很优秀强大且真诚！,false
cafca62c-5a2e-47f0-b155-cc3fd35d2d14,逐云墓场,BL小说,,,0,2024-01-01,{},by今天全没月光，公路文。汤于慧&康赭,物理高材生汤于慧&康巴小王子康赭，川西甘孜一片静谧纯净的圣地，萌生的爱情持久真诚。抒情向的高考考分作文，阅读起来挺累，需要沉下心来看，细细品尝有酸涩，有清冷雪松的味道，因为日照金山/藏族/牛羊成群/冰川河流，身临其境总会让人心域外扩，世俗就是尘埃，动心仅从一眼明亮开始。,false
cafca62c-5a2e-47f0-b155-cc3fd35d2d14,恋爱比特流,BL小说,,,0,2024-01-01,{},by靠靠，游戏直播文。迟真&段之时。,问道青天生活向灵修迟真&月服第一刀修段之时。是千里江陵和轻舟已过，也是无尽时和莫寻欢。是金色守护的救赎和星星。以为会不适弹幕文，但还好，毕竟都是cp狗。,false
cafca62c-5a2e-47f0-b155-cc3fd35d2d14,给豪门纨绔塞男科名片后,BL小说,,,0,2024-01-01,"{现代,娱乐圈,甜文}",by胖虎打酱油，现代娱乐圈甜文。晏辞&许少淮,根正苗红社会主义正义青年晏辞绝不愿意被潜规则！ 杀伐果断精英总裁许少淮真的很宠老婆，力挺打脸主动维护还陪老婆上综艺！,false
cafca62c-5a2e-47f0-b155-cc3fd35d2d14,豪门炮灰开始发飙,BL小说,,,0,2024-01-01,"{重生,现代,爽文}",by冷耳，现代重生甜爽文。陆燃&纪旻。,,false
cafca62c-5a2e-47f0-b155-cc3fd35d2d14,三步让兔子学会后空翻,BL小说,,,0,2024-01-01,"{现代,甜文}",by关自在，现代小甜文。💟童书小作家陈咚&财富自由前IT咖啡师韩峋,“想送他0.5个比特币”，郁郁不得志的小作家陈咚无意中走进一家咖啡店，邂逅了神秘又温柔的咖啡师韩峋。陈咚误以为韩峋暗恋自己，由此展开了一段啼笑皆非的故事。本文诙谐幽默，语言俏皮生动。一个看似俗套的暗恋故事，其实暗藏无数笑料，宛如一篇成人童话，让人阅读时怦然心动。剧情犹如琴弦上的音符，跳动间组成一首欢快的舞曲。,false
cafca62c-5a2e-47f0-b155-cc3fd35d2d14,兼职爱豆指北吧,BL小说,,,0,2024-01-01,"{娱乐圈,甜文}",by方自在，娱乐圈小甜文。姜乐忱&闻桂，没人不爱阳光快乐的乐乐！稍微代入了下我的cp！,俩小糊糊一路相互扶持互相打气，小爱豆一路遇到爹洗控制欲boss霸总，港风气质缪斯导演，有强迫症的top顶流团队长，每个人对他都“有利可图”，不是不好只是不适合。只有桂桂子是官配！,false
cafca62c-5a2e-47f0-b155-cc3fd35d2d14,一线吃瓜,BL小说,,,4,2024-01-01,"{穿越,娱乐圈,甜文,无限流}",by海底见月，娱乐圈小甜文，穿书。喻闻&谢鹤语。,穿书瓜王喻闻&禁欲系多金谢鹤语。参加综艺的副本很不错。这类文都很阳光欢乐，人物鲜活有力，故事很简单，娱乐圈打工人一路通关，从边缘人物到理解演员，演绎体验角色。爱情不是重点，一起娱乐吃瓜开心赚钱把公司发扬光大才是首要kpi。恶龙勇者的大逃杀综艺副本很感人，吾友二字道尽深层次的依托陪伴和支持；宋明珠这个反派疯癫少爷也很触动人心，有的人看着乖乖的，其实他们太缺爱。,false
cafca62c-5a2e-47f0-b155-cc3fd35d2d14,末日快乐,BL小说,,,0,2024-01-01,{丧尸},by年终，末世文，仿生人。阮闲&唐亦步（软糖cp）,"攻是仿生人，拥有a型初始机的身体，强大战斗力的脆皮伪人类，金色的眼眸八块腹肌。受具有反社会人类，共情能力缺失，顶尖智商。他会因为母亲在自己面前自杀而痛苦，但他不知道那就是痛苦。
由由很爱的一篇文，我也很喜欢但程度可能没有那么深刻。作者给人类社会的设定有原生人类，从人脑到身体都是原生态的胎生生物，还有仿生人，机械生命，构想很庞大很细节，给了人深入思考的点，“情绪的自然性”很重要，仿生人根据底层逻辑和繁杂算法作出的逻辑应对情感反馈，都是非自然，不管是记忆的复制，记忆的截取，记忆的修改，都违背了自然性，这些动作本身就失去了自然性，还可以定义为人类吗？然而文中最不应该具有人性的俩物种，却唯有一颗为了人类繁衍而操心的心。很喜欢攻受的博弈，不带任何信任的靠近，充斥浓郁血腥的相互拥抱撕扯碰撞。也很喜欢季小满和耿乐，我还是有点子磕他俩。",false
cafca62c-5a2e-47f0-b155-cc3fd35d2d14,给我渣,BL小说,,,0,2024-01-01,"{现代,甜文}",by睡芒，现代甜文。白钧言&李赫,为了帮发小报仇，亲身上阵教训渣男，却不知认错了人。文风轻松。受是个热爱生活的人，本身学建筑，爱好艺术，会去美术馆实习，也会去拍卖行实习，爱旅行，很仗义，即便因为拔刀相助被打被污蔑但仍然阳光坚定善恶。攻这个角色没有特别的记忆。,false
cafca62c-5a2e-47f0-b155-cc3fd35d2d14,不怪他,BL小说,,,0,2024-01-01,"{穿越,重生,现代,娱乐圈,甜文}",by睡芒，现代甜文，穿书。江亦＆杨侑然,受穿书后按照原剧情会被查出是假二代被扫地出门，会因为对真二代有伤害举措更是声名狼藉，更被男友抛弃被娱乐圈事业抛弃，社会主义好青年的替换装可不是这样想的，他只想好好工作赚钱，独立生活，能给眼睛做手术。因为缺失原主记忆，认错男友，各种以为是谈恋爱的撩拨把生命科学精英活生生掰弯，“重生”后的受，有爱他的父母，有一直陪伴的爱人，有能赚钱的爱好型工作，happyending。连续看了作者两篇文，作者的攻都是直掰弯，都有点非受莫属其他都不行。不是很喜欢。本文有平行时空交叉的元素，还挺有意思。有钱是真有钱，一个比一个，买私人飞机买岛都还是洒洒水，爽感度在线。,false
cafca62c-5a2e-47f0-b155-cc3fd35d2d14,穿成万人嫌替身Ｏ后,BL小说,,,0,2024-01-01,"{穿越,现代,ABO}",by谢沧浪，现代穿书，abo。💟黎瑜&温盛然,受穿书后的人物居然是攻的替身，炮灰原攻居然想双A恋，奈何白月光攻高岭之花只爱积极乐观努力向上的窝里横小猫受。看完《末日快乐》后接的文，很轻松，情节也挺中规中矩，人物大概一看就猜到反转。比较有记忆点的其实是痛点吧，受穿书过来后很多事情的处理其实是在给原受一个交代，原受太命苦了，原本真少爷被人调包后，从小没有亲人爱，被包养被替身，即便被认回也没有从家人那里得到一丝一毫的关心，最后的魂替是他的放弃。（20250804再整理时想起来了痛感）,false
cafca62c-5a2e-47f0-b155-cc3fd35d2d14,别读博会脱单,BL小说,Llosa,,0,2024-01-01,"{现代,校园,骨科}",现代文，轻松搞笑。闻笛&边城,本是理科缺因为渣男读了英文博士的莎士比亚爱好者闻笛，和嘴毒数据教授的莎士比亚黑粉边城的爱恨情仇。暗恋的优质数学教授，嗓音迷人举手投足的线条诱人，谁能想到这人拉小提琴难听，炒菜如炮制生化武器，十级莎士比亚黑粉，不会浪漫不懂小礼物的心思，喜欢和讨厌的居然是同一人，然而从攻的角度，这货怕不是傻子，拉斯维加斯一夜欢愉忘了，结婚直升机大峡谷忘了，只记得被人骗走了七百美金！攻相当的无语，明示暗示全无，只因受的酒精性失忆症。边城和江羽这个同父异母的傻子弟弟之间，挺感触的，弟弟很懂事，能感知善良和友好，选择学校会是因为熟悉的朋友，很会整理打扫卫生，会乖乖吃饭乖乖看动画片；边城对闻笛说，你不用垃圾分类，因为这是我的习惯，你只需要把垃圾留给我，我可以分类；你不用每次用完浴室都清洁，因为这是我的习惯，你只需要叫我，我可以清洁；这样的融洽不强制习惯，很爱；闻笛的两个闺蜜，都很优秀，一个是投行精英华丽的辛苦着，有一个导演的梦想，一个学术精英，因为父亲病逝剑桥退学后一心考公上岸，最后因为身体原因还是没能如愿，大家都在努力前行，缺总是荆棘满路，还好友谊万岁，理解陪伴支持打气。,false
cafca62c-5a2e-47f0-b155-cc3fd35d2d14,惰性法则,BL小说,,,0,2024-01-01,"{古代,娱乐圈}",by空菊，娱乐圈文。容柯&闫致,攻是时尚集团太子爷，前影后的妈妈再嫁时尚集团老总，但攻也是自己很有本事，受是佛系散挂演员，为了角色会去体验不同的工作，更是配合警方端了个赌窝，还获得良好市民奖。很轻松的文，俩三观都很正，认真工作，不搞潜规则。,false
cafca62c-5a2e-47f0-b155-cc3fd35d2d14,画怖,BL小说,,,0,2024-01-01,"{玄幻,灵异,无限流}",by瑆玥，无限流玄幻灵异神怪。ge🈹柯寻&牧怿然,阅文历时比较长且中间穿插看了其他文，由此推断自己并没有特别喜欢，只是最后坚持看完想知道到底是个怎样的世界观。,false
cafca62c-5a2e-47f0-b155-cc3fd35d2d14,于是麦麦决定离家出走,BL小说,,,0,2024-01-01,{甜文},by柏君，甜宠文，小猫人设定。麦麦&程凛,小猫人麦麦强烈的希望自己能一直陪在主人身边，直到有一天一觉睡醒真的变成人类。人类程凛从小家庭牵绊不多，父母都是自由放养式，小猫猫麦麦是他唯一的牵挂。从质疑到接受到清晰深爱，温暖的文。很简单的甜文，没有复杂的人物情节设定，爱就是简单纯粹。麦麦很可爱，一心想打工赚钱照顾程凛。,false
cafca62c-5a2e-47f0-b155-cc3fd35d2d14,我夫郎是二嫁,BL小说,,,0,2024-01-01,"{种田,穿越,重生,ABO}",by端瑜，种田，穿书重生，哥儿设定。💟秦青灼&明南知，总算是完整的首辅文，事业线这边没有很夸张，没有造纸增产玻璃三件套。,,false
cafca62c-5a2e-47f0-b155-cc3fd35d2d14,当年万里觅封侯,BL小说,,,0,2024-01-01,"{古代,虐文,破镜重圆}",by漫漫何其多，权谋，假破镜真重圆。钟宛（远归）&郁赦（子宥）,攻受都好让人心疼，一个因为身世秘密被摆布，一个原本可封侯拜相，俩孩子都靠着对方毫不知情的念想艰难长大，幸而文风基调很轻松愉快缓解了压抑的情绪。,false
cafca62c-5a2e-47f0-b155-cc3fd35d2d14,一屋暗灯,BL小说,,,0,2024-01-01,{骨科},by麦香鸡呢，骨科，失忆/强奸。宋谨&宋星澜，可能我更希望作者写受失忆，把攻的视角情感补全。,,false
cafca62c-5a2e-47f0-b155-cc3fd35d2d14,失控玩偶,BL小说,,,0,2024-01-01,{ABO},by风月渡清酒，abo。🈹,,false
cafca62c-5a2e-47f0-b155-cc3fd35d2d14,降水概率百分百,BL小说,芥菜糊糊,,0,2024-01-01,{甜文},学术圈甜文。谢以津&秦灿，雨天敏感症，小雨要牵手,,false
cafca62c-5a2e-47f0-b155-cc3fd35d2d14,使坏,BL小说,,,0,2024-01-01,"{娱乐圈,虐文}",by冰块儿，甜宠娱乐圈文。乔怀清&谭郁时,tips：小时候的相遇受保护了攻/攻怕水被人推下海听力有问题，凭借受身上锦鲤纹身找到且重逢。 受的故事很让人心疼。导演老爸是个渣男，在外面有了私生子带回来骗不能再生育的妻子是领养的，离婚后发现私生子并非亲生，各种轻视辱骂前妻。受的妈妈本视如己出，身心受打击，在忍无可忍的暴怒下把真相告诉了受，此后他们虽然还是在一起是家人，但受很没有安全感，知道自己是“野种”，害怕被妈妈随时抛弃，他讨厌男人，也不相信爱情婚姻。所以文里前面一直都是以受馋攻的身子而且推进的感情，当发现动真心后是逃避的。和他妈妈的和解，赚足了我的眼泪。纯爱战士群体必有我的身影，就爱得理不饶人没理不吃亏的设定，录制综艺穿插整个文，浅看是粉丝和明星，实则霸凌。,false
cafca62c-5a2e-47f0-b155-cc3fd35d2d14,心悅此月,BL小说,,,0,2024-01-01,"{娱乐圈,破镜重圆}",by冰块儿，甜宠娱乐圈文，破镜重圆。安嘉月&贺心宸,受是电影学院新生第一名/攻是影视集团老总独子/六年分离/最初接触攻对受是受人欺骗带有偏见/攻隐瞒身份消失的六年是攻努力和家庭抗争争取独立话语权,false
cafca62c-5a2e-47f0-b155-cc3fd35d2d14,竭泽而渔,BL小说,,,0,2024-01-01,"{现代,骨科}",by，现代骨科文。闻小屿&闻臻,很喜欢哥哥给他打造的安全窝舞蹈房。情不知所起，一见钟情？骨科的血腥美感我现在能get到，buff叠加养成系的快乐没人能拒绝。这个文情起我没get到，父母接回受对他的爱是能真切感受到的，老父亲临终前应该是知道了兄弟的感情，但他最后也只有一句不要再让小屿受委屈。,false
cafca62c-5a2e-47f0-b155-cc3fd35d2d14,夫郎家的咸鱼翻身了,BL小说,,,6,2024-01-01,"{种田,古代,ABO}",by，种田文。江知与&谢星珩，哥儿夫郎和赘婿。,主角cp两条线成长相辅相成：小谢只想当咸鱼吃软饭，但为了给哥儿夫郎挣一个前程只得翻身把书场，考科举入仕途发展农商，小鱼儿时被欺凌性别被低看，在爱的保护下逐步向前独当一面。很喜欢最核心的以民为本，做官当作父母官，让百姓吃饱穿暖开开心心，做商要以百姓为衣食父母，让物质银钱流动起来，做君王要心怀百姓，取之于民用之于民。 开超市搞活动薄利多销、从原材料到加工到售卖整顿组合带动产业链活力、利用镖局资源铺洒信息网点、技术教育扫码培训整体提升社会文化水平、另外皮革盐糖税收军资都有提及。人物很有趣，群像很多设定也不是冰冷npc，可能作者碍于篇幅问题很多人物的故事没有扩写，让我有一种知其然不知其所以然的感受，比如林庚应该算是男二了吧，作为王爷世子从小人质在皇宫，长大还被利用当靶子，江湖气重心思缜密城府颇深，在南边边关还有兵力，这些是作者直接结果甩出来的，没有从细节中get到灵魂；还有宋明辉爹爹吃过的苦，一笔而过。包括情节推动也是，农商发展包括后面朝堂兵争描述很大纲式。,false
cafca62c-5a2e-47f0-b155-cc3fd35d2d14,买来的夫郎哭唧唧,BL小说,,,0,2024-01-01,{种田},by秃尾巴的狐呆呆，种田文，白竹&张鸣曦开饭馆的朴实种田。无惊无喜。,,false
cafca62c-5a2e-47f0-b155-cc3fd35d2d14,蝶变,BL小说,,,8,2024-01-01,{虐文},by麟潜，异世文，畸变设定。郁岸&昭然（日御羲和）,新旧世界，人类，残缺人类可以嵌入畸核强化自己，畸体。畸体寻找强大的契定者，并需要在化茧时打败自己不然就会羽化高燃6小时而亡，但如果成功进行蝶变就会超脱畸体限制力量腾飞。昭然作为顶级畸体，需要超级强大的契定者，郁岸一直都在不断提升自己，设计方案利用一切可用帮助自己杀死昭然完成蝶变。很喜欢配角们，技术员纪年一开始出来我就知道后面他肯定是被卖了还要给郁岸数钱，火娃有龙眼很热血很直爽很可爱，刀手姐姐对郁岸的包容信任也很感动最后破茧助攻大神，大哥蛤白太爱了做饭好吃会养娃很护短也很操心，兔兔姐姐很可爱，梦之花姐姐的那段有各自的回忆还挺泪目。那一段有时间线和时空线的设定。最后极地冰海家族大作战，全体出动团结一致小小泪花一把。,false
cafca62c-5a2e-47f0-b155-cc3fd35d2d14,旧故新长,BL小说,,,6,2024-01-01,"{重生,校园,虐文}",by诗无茶，重生校园，第一人称。李迟舒&沈抱山,抑郁症患者疗愈手册，如果我爱你可以更早一点，你会不会为了我长命百岁？绝世好攻再添一人。83真的很爱李迟舒，爱他的方方面面，小李迟舒真的好苦呀，没有得到爱让他丧失了爱的能力以及被爱的勇气，一直在妥协，向一切妥协。我愿意相信前一世是一场梦，是一个启示，让小沈抱山早一点把爱带给小迟舒。两个版本的日记好扎心，83没有错，不管哪一世他都很爱，只是很心疼上一世的李迟舒。,false
cafca62c-5a2e-47f0-b155-cc3fd35d2d14,犯罪心理,BL小说,,,0,2024-01-01,"{重生,娱乐圈,刑侦}",by长洱，刑侦心理学。林辰&刑从连。,最开始的白沙案，是俩人相识的开始，到烈士遗女为父报仇追求真相，到三坟集体意识（作者说本想写xj怕被和谐），再到明星性侵宋声声的坚强不屈，最后医药案件涉及的达纳雨林武装政权暗网的反社会人群恐怖事件，有前后呼应环环相扣层层递进。总体案件是ok，对我来说因为涉及心理学，主观上就会挑刺也会在主观上觉得哦那就是这样吧的假装看懂。其实中间对俩人感情线的开始不是很满意，从后往前看很模糊，80%左右吧才表白，前面攻的角度是很好很好的同事情战友情，充满百分百信任的那种。达纳雨林的意外相遇太意外了，好假。还是更爱默读。最后那个案子把轨道选择案例分析了下 我觉得还是不错的 一个问题两种不同的提问 “偷换”了主题 就会让人的选择发生偏差 一种提问 你觉得他扳动扳手转向列车 少数人命换多数人命 89%的人选择是 另一种是如果他旁边站了个人把他退下去可以卡住列车这样也是一人换多人 但大多数人就会选择否 专家扫描问卷调查这些人的脑神经图 发现两种选择的人 脑部活动区域是不一样的 前一种是逻辑是理性皮层 后一种是感性区域。包括后面大投票 四个罪犯的死亡换神经解药救更多人 民意投出来是反对 引出的话题是道德准则 投是的人是自己主动选择成为刽子手保全更多的人 投否的人选择宽恕原谅尊重生命 最后受的坚信的东西是信任 是相信美好。,false
cafca62c-5a2e-47f0-b155-cc3fd35d2d14,死对头柔弱不能自理,BL小说,,,0,2024-01-01,{ABO},by小狐狸菌，abo实验体，裴灼&秦闻州,攻受算是久别重逢，小时候实验期间相互舔舐伤口情不知已起，攻炸死后被人类“收编”，但一直暗地里照顾受，受不知道这些靠着武力值艰难求生，而且觉得自己命不久矣。挺好玩的是攻失忆了手环智脑系统关闭，但对受的权限高于一切，收房租楼了破绽。后面捡到的裴饼干也好可爱。,false
cafca62c-5a2e-47f0-b155-cc3fd35d2d14,病美人嫁给穿书同乡后,BL小说,,,0,2024-01-01,"{穿越,古代,甜文}",by泽达，穿书小权谋，沈子衿&楚昭,貌似是第一次看双穿书，文风很俏皮，前面攻受各自内心小九九时还吐槽文笔不成熟，后半段穿插俩人穿书后心境的变化，在异世逐渐修正自己的冷漠与爱人的能力，感受到家的温度牵挂，以及边疆战场战士们热血杀伐，节奏紧密顺畅，情景描写栩栩如生仿佛置身其中，很喜欢，随时沙雕小甜文但也是上乘制作。,false
cafca62c-5a2e-47f0-b155-cc3fd35d2d14,直男的自我攻略,BL小说,,,0,2024-01-01,{校园},by落回，校园直男自弯记，蒋乾&奚风,,false
cafca62c-5a2e-47f0-b155-cc3fd35d2d14,奇洛李维斯的回信,BL小说,,,10,2024-01-01,{豪门},by清明谷雨，港风商圈世家，暗恋酸涩，陈挽&赵声阁，超爱沈宗年和谭又明这对副cp。,,false
cafca62c-5a2e-47f0-b155-cc3fd35d2d14,猫咪的玫瑰,BL小说,,,0,2024-01-01,{星际},by一十四州，地球毁灭后的星际航行，林斯&凌一,,false
cafca62c-5a2e-47f0-b155-cc3fd35d2d14,恒星时刻,BL小说,,,0,2024-01-01,{娱乐圈},by稚楚，娱乐圈摇滚比赛，双向救赎奔赴，南乙&秦一隅。副cp十只羊和严雨齐daddy也好好磕，矛盾人设果真很香。,,false
cafca62c-5a2e-47f0-b155-cc3fd35d2d14,独宠丑夫,BL小说,,,0,2024-01-01,"{种田,穿越,重生,古代}",by决绝，重生穿越架空种田，赵金哥&蒋震，镖局赌场海商盐场，结尾太扯蛋还建国。,,false
cafca62c-5a2e-47f0-b155-cc3fd35d2d14,八零之从摆摊开始,BL小说,,,0,2024-01-01,{重生},by决绝，重生摆摊发家bg文，姜丽云&冯易，一如既往的后期好ppt，特别是冯易爷爷那段情节大可不必。,,false
cafca62c-5a2e-47f0-b155-cc3fd35d2d14,史前养夫记,BL小说,,,0,2024-01-01,"{种田,穿越}",by决绝，穿越异世种田文，周寂&熊野。,,false
cafca62c-5a2e-47f0-b155-cc3fd35d2d14,在男科医院不小心挂了前男友的号,BL小说,,,0,2024-01-01,"{甜文,虐文}",by杳杳一言，小甜文，李暄&苏幸川，心疼小傲娇的委屈，其实是很相爱的两人，特别是受那么跋扈自信的人，却在攻妈妈的言语伤害下否定自己忍痛离开，幸好纯爱无罪哈哈哈！,,false
cafca62c-5a2e-47f0-b155-cc3fd35d2d14,阴客,BL小说,,,0,2024-01-01,{},by木苏里，谢白&殷无牙，mini版判官？量子阅读无感。,,false
cafca62c-5a2e-47f0-b155-cc3fd35d2d14,末世之绝地求生,BL小说,,,0,2024-01-01,"{虐文,豪门,丧尸}",by何大仁，沈十安&沈寻，长篇（阿尔伯特·刻耳柏波洛斯），末世丧尸,主角受有空间灵泉debuff，主角攻更是高纬度神级物种地狱三头犬之一，主线是末世生存战斗打怪重建人类家园，人性真情团队合作牺牲幸存这些都很触动。每一个核心成员都好喜欢，嘉木小脑袋，嘴贱路修远，嘴炮船船，乌鸦嘴满山，林软很让人心疼，人造人从小经历的非人实验那么痛苦，顾小弟弟是心腹黑哥控，陶源小可爱娃娃脸的军人，叶生花女装大佬，苗首富李诚这俩小角色也很喜欢。作者可能是华为粉丝，鸿蒙宇宙，笑发财。,false
cafca62c-5a2e-47f0-b155-cc3fd35d2d14,豪门养子重生日常,BL小说,,,6,2024-01-01,"{重生,豪门}",by黄铜左轮，陈文港&霍念生，大长篇双重生,故事其实不复杂，上一世父亲是豪门司机为了救主身故，豪门不管是出于名声抑或是真情实感，收养了文港。文港从物质上和豪门少爷同吃同住同享受学习资源，连进入公司实习也是一样的机会，上一世仿佛不是自己的人生，顺着别人的意志在走，读书深造不得，爱人恋人也背叛自己，最后还报恩定罪惨遭爱人的妻子狱中毁容，最后霍念生把他接回去，疼了7年爱了7年，遗憾的是没有回应的7年死不瞑目。再活一次一切都还来得及，还没有去顶罪还没有被毁容还能自主选择自己要走的路自己要爱的人。很喜欢港风的调调，有磅礴的资本世家，也有单纯的纸醉金迷，用词色彩人物调调，小人物大豪门的冲突和谐我都很喜欢。上一世的初恋真的很不喜欢这样的情感，爱是真爱，但爱得很自私没有勇气魄力，保护不了爱的人都是空大吹。很爱霍念生，”我只想陪你慢慢长大“，两个人的失而复得，彼此都是对方的特例，霍念生并不是放荡不羁，只是漂浮不定没有归属感，同样从小被收养教导规规矩矩的陈文港，并不是乖乖孩他善良勇敢锱铢必较护短霸道，很爱这两个人。,false
cafca62c-5a2e-47f0-b155-cc3fd35d2d14,热的汤软的面包,BL小说,,,0,2024-01-01,{},by姜可是，周存趣&钟邱沿，短小的调节文，甜甜的,喜欢外婆刘小英，好好的老婆子。从小高压的期许在发小自杀后爆炸，周存趣把自己封在茧里两年，幸好外婆不离不弃幸好遇到闪亮勇敢的钟邱沿，一步步走出房门走下楼走进新生活。一家小店热的汤，软面包，很期待自己也有这样的栖息地。,false
cafca62c-5a2e-47f0-b155-cc3fd35d2d14,长安少年游,BL小说,,,0,2024-01-01,{古代},,by明月倾，言君玉&萧橒🈹架空周朝权谋文，没落武将后门小少爷进宫作为太子陪读，用明艳赤诚陪着太子羽翼丰满自己也为奶奶挣得诰命封为异姓王，也得到一人心。其实故事不难，但我看的不投入，文风其实很美，也很累，心里想法和对话都没有双引号，权谋重人心权术，人物也多，派系交错，情感线吧很酸涩，不管是主角cp还是其他，都有很多身不由己。敖霁和容皓挺让我觉得可惜。,false
cafca62c-5a2e-47f0-b155-cc3fd35d2d14,年少无名,BL小说,,,0,2024-01-01,"{校园,娱乐圈}",by诗无茶，温伏&费薄林，校园占比多的娱乐圈文，收养的小野猫，触动我的点还是缺了角的佛牌原来是小伏送给林妈妈的，原来弟弟一步一步走到哥哥身边花了那么久。,,false
cafca62c-5a2e-47f0-b155-cc3fd35d2d14,死对头他总想和我结婚,BL小说,,,0,2024-01-01,{甜文},by黄铜左轮，徐心诺&庄逢君，青梅竹马小甜文（其实一般甜）。,,false
cafca62c-5a2e-47f0-b155-cc3fd35d2d14,提灯看刺刀,BL小说,,,0,2024-01-01,{虐文},by淮上，楚慈&韩越。从破云追来看楚工小可爱。我宁愿be也不想看到楚慈爱上韩越，可以有愧有恨，但为啥要原谅要爱！心疼楚工。,,false
cafca62c-5a2e-47f0-b155-cc3fd35d2d14,重生养夫郎,BL小说,,,6,2024-01-01,{种田},by岛里天下，萧元宝&祁北南💟小哥生子种田文。,祁北南经历一世失去爱人没有保护好爱人的伤痛，重回一世毅然决然去到小宝身边，陪着他长大，直到“小小的雀鸟从一直护着他的羽翼下飞出，已是能自行越过连绵的山川了”。小宝小时候太惹人怜了，被继母差别虐待性子怯懦，北南一路呵护，为家人谋划带着金手指提前赚产业走仕途。蒋夫郎赵厘正赵光宗姜汤团桂儿姐明观鑫都好好，最后出现的顾言许郡君也好可爱。小宝这边从学灶人接席面到后面去京城卖油酱菜开药膳食肆酒楼，没有很夸张的成功，北南这边也是步步踏实，很平实但很温馨，很喜欢。,false
cafca62c-5a2e-47f0-b155-cc3fd35d2d14,我可是男狐狸精,BL小说,,,6,2024-01-01,"{娱乐圈,爽文,甜文}",by魔法少女兔英俊，莫北湖&谢爻,有系统的沙雕娱乐圈小甜文，从头笑到尾！湖湖太可爱了，貌美如花力大如牛热心善良逢人就是祝你位列仙班祝发财祝健朗，而且超级无敌能吃！湖湖爸的狡黠心动都好好嗑，配角们都很有个性生动且全员好人，很温和有趣的文。,false
cafca62c-5a2e-47f0-b155-cc3fd35d2d14,刑侦档案,BL小说,,,0,2024-01-01,"{校园,刑侦}",by清韵小尸，陆司语&宋文,受原本姓季，还有个哥哥，因为是富豪家庭被绑架灭门，最后也是这个案子串起了整个故事，背后大boss其实是个很普通的大学校长，同时涉及的是一个虚拟网络犯罪网站，在这个网站上策划犯罪，但恶人把这些计划实施到了现实，最让人震惊的是最厉害的犯罪策划师，是受的哥哥，他也没死，被绑架被驯养，但最后也是靠着他的“卧薪尝胆”结束了整个犯罪。,false
cafca62c-5a2e-47f0-b155-cc3fd35d2d14,大美人带崽进城务工,BL小说,,,0,2024-01-01,{现代},,by小文旦，现代文有茶神神境设定，白清语&贺任沅。好多茶的知识不懂也没兴趣，故事也很简单攻意外被受救了，在神境日久生情受怀孕了，设定就是茶神怀孕后失忆。后面就是茶神来到现实社会，带着娃和攻相遇相爱。小茶神很可爱。,false
cafca62c-5a2e-47f0-b155-cc3fd35d2d14,反派他爹佛系种田,BL小说,,,0,2024-01-01,"{种田,穿越}",by人生若初，穿越种田无cp主打一个养娃记。,,false
cafca62c-5a2e-47f0-b155-cc3fd35d2d14,师兄他会读心,BL小说,,,0,2024-01-01,{},,,false
cafca62c-5a2e-47f0-b155-cc3fd35d2d14,和影帝结婚后爆红全网,BL小说,,,0,2024-01-01,{刑侦},别被名字误导居然刑侦向！好像还可以。,,false
cafca62c-5a2e-47f0-b155-cc3fd35d2d14,六州歌头,BL小说,,,6,2024-01-01,{古代},权谋，谢竟&陆令从，先婚后爱吧，现实和回忆穿插，好虐唏嘘，天家无心。买了实体书。,,false
cafca62c-5a2e-47f0-b155-cc3fd35d2d14,牢头进阶指南,BL小说,,,0,2024-01-01,{},幽山幽冥地狱,,false
cafca62c-5a2e-47f0-b155-cc3fd35d2d14,意外坏了暗恋对象他哥的崽,BL小说,,,0,2024-01-01,{},如其名一般甜，没啥特别的印象。,,false
cafca62c-5a2e-47f0-b155-cc3fd35d2d14,你男朋友归我了,BL小说,,,0,2024-01-01,{},电竞，久别重逢恋恋不忘,,false
cafca62c-5a2e-47f0-b155-cc3fd35d2d14,自己养的老婆最可爱,BL小说,,,0,2024-01-01,{娱乐圈},娱乐圈童星霸总，收养俩哥哥从来不对付哈哈哈俩对父母爸爸互怼，整体还是轻松的。,,false
cafca62c-5a2e-47f0-b155-cc3fd35d2d14,进京赶考还分配老公吗,BL小说,长鼻子狗,赵宝珠&叶京华,0,2025-01-01,"{种田,古代}","种田,通篇看完对宝珠的猫儿眼很是喜欢。",都说眼睛是心灵的窗户，真的很喜欢眼睛好看的圆溜溜的人儿。天之骄子城府极深肱骨之臣攻，猫儿眼般的寒门学子一心只想报效朝廷受，比较甜朝堂这边不是很深，主要是攻才华横溢深得信任，基本没有被打压被陷害。最后还是有点子无语，太子居然也对宝珠有了强制占有，君臣二人相互的试探，可能在我看过的权谋中都是天家无心居多，皇帝老子对叶京华的好着实超过了我的预期，虽然是想为儿子的朝堂择贤，但太宽容让我一度以为叶京华是皇上的私生子。,false
cafca62c-5a2e-47f0-b155-cc3fd35d2d14,纸飞机,BL小说,潭石,汤君赫&杨煊,0,2025-01-01,"{骨科,破镜重圆}",真骨科，同父异母亲兄弟，是在真的get到骨科的爱到血液里这个设定后看的第一篇。,斯里兰卡的夏天永远炙热。5岁17岁27岁，各自成为彼此阴暗生活的一束光，50%是学生时代，比起破镜重圆我更愿意定义为久别重逢。两人都生长在阴暗面，却是对方为光亮，也为对方点亮一束光。再次被真骨科的血腥味触动，与生俱来，爱进骨髓。十七岁的生日愿望替你许下：希望哥哥杨煊每天都能比弟弟汤君赫过得更好一点。几十封出征前的遗书都是“名下所有财产赠与弟弟汤君赫，这不是爱是什么呢？致敬善良且自由。,false
cafca62c-5a2e-47f0-b155-cc3fd35d2d14,青竹,BL小说,寓风,姜竹&沈清越,0,2025-01-01,"{种田,穿越}",穿越种田，vv强推，我也很很很喜欢，,还好作者申明攻受，不然我也以为我们竹子是受。攻受对彼此都是因为爱你，所以我热爱这个世界，因为看到你我才看到其他人。原住民竹子，穿越者沈先生，群像也很喜欢，大哥大嫂一家的善良和对竹子的爱，四伯家的贪便宜和姜树的聪明。,false
cafca62c-5a2e-47f0-b155-cc3fd35d2d14,捡星星,BL小说,不问三九,秦放&刑炎,0,2025-01-01,"{现代,校园,甜文,虐文}",校园现代，说好的甜文为何虐我。,我可以说我喜欢这个作者，燎原三部曲我都很爱。三九的主角很细腻很温暖，是涓涓流水围着绕着，不分攻受，彼此的存在就是那样的恰如其分。我很喜欢秦放的捋一捋，不会在情绪最上头的时候去写答案，但只要他想清楚了认清了自己，那就是又猛又勇的快乐天使，所以从掰弯到使用那张卡，其实是很符合我对秦放的认识。小院里的四个孩子，其实都心疼，包括最嘴贱的周斯明，每次韩小功说他是跟在邢炎和周斯明屁股后长大，我都好难过，太多的故事和现实，让我可以猜到他经历的是什么。前面真的好甜，跟着去踩风去追自由，生日送的原石送的快乐，俩个人就是那样的水到渠成默契至极。后面的虐肝儿疼，你真的是玩家吗，原来一开始你计划的未来就没有我。太心疼星星了。,false
cafca62c-5a2e-47f0-b155-cc3fd35d2d14,狼行成双,BL小说,巫哲,边南&邱奕,0,2025-01-01,"{现代,校园,爽文,甜文,虐文}",轻校园现代，生活日常向，感觉比解药三伏好看些。,很巫哲的细水日常，和撒野一样没有特定的攻受，但技术上来说肯定是邱大宝更娴熟。边南是小三的儿子，被爸爸的家庭“接纳”，爸爸想弥补想平衡，能感受到他是爱边南的，但是不会和儿子相处，阿姨哥哥妹妹其实对他是怨恨的，但大家都只想追求家庭的平静，妹妹在知道自己喜欢的男生居然是同性恋而且还是边南的对象时，喊出来的小偷，很难受很心疼边南；邱奕从父母车祸后突然的成熟，要负担爸爸的医药费家庭开支自己和弟弟上学照顾他俩，纵然他知道自己是同性恋，但无法接受自己也觉得背叛了妈妈，因为父母是那样的希望他娶妻生子。攻受的两个朋友都好好，万飞傻不拉叽，申涛耿直仗义，最最最可爱的必须是二宝邱彦，可爱无敌聪慧过人特别懂事，他对方小军的友谊其实他是很机智情商很高。邱爸爸去世那里很难过，多么好的父亲呀，我想最后他是知晓儿子的性取向的，也是祝福他们的。,false
cafca62c-5a2e-47f0-b155-cc3fd35d2d14,南方海啸,BL小说,卡比丘,韦嘉易&赵竞,0,2025-01-01,"{现代,甜文}",现代文，小甜文，毕竟赵竞从小到大只吃过爱情的苦（其实并么有）,,false
cafca62c-5a2e-47f0-b155-cc3fd35d2d14,凶人恶煞,BL小说,年终,40%进度,0,2025-02-01,{},,,false
cafca62c-5a2e-47f0-b155-cc3fd35d2d14,已读不回,BL小说,一别都门三改火,宁知然&顾承锐,0,2025-04-01,"{穿越,现代}",现代文，穿越到未来发现我和前任结婚了，记忆点不深估计不是很爱。,,false
cafca62c-5a2e-47f0-b155-cc3fd35d2d14,真爱来临那天,BL小说,涂格安,汪勤&赵凛生,0,2025-06-01,{现代},现代文，“我和前女友的前姐夫一夜情了”，记忆点不深估计不爱。,,false
cafca62c-5a2e-47f0-b155-cc3fd35d2d14,恋爱脑重生日常,BL小说,焦糖冬瓜,姜若棠&陆归帆,0,2025-06-01,"{重生,现代}",现代文，重生后艺术生好好学习天天向上，一般。,,false
cafca62c-5a2e-47f0-b155-cc3fd35d2d14,古代幼崽种田日常,BL小说,昵昵儿女,罐罐&魏承,0,2025-06-01,"{种田,古代,ABO}",架空种田，哥儿设定，可爱罐罐，捡罐罐养罐罐升级罐罐。,,false
cafca62c-5a2e-47f0-b155-cc3fd35d2d14,两位少爷坚持联姻,BL小说,消失绿缇,兰斯&湛平川,0,2025-06-01,"{爽文,虐文}",异能世界的爽文，战斗写得也不错。两大公会的少爷互相隐瞒身份激情表演，装莲花的强受很爱。,群像写得不错，邓枝和妈妈的故事一开始就让我泪目了，骷髅小邓献上小虫虫好可爱。Oliver小天使赚够了我的眼泪，他的善良真的是无暇的，吃过那么多苦。副cp有对兄弟，哥哥的异能算是有double人格，很腹黑但也很爱。,false
cafca62c-5a2e-47f0-b155-cc3fd35d2d14,夜跑别在雷雨天,BL小说,空菊,,0,2025-06-01,"{穿越,重生,ABO,刑侦}",abo，两个平行世界来回穿，一般。,雷雨天加受父母留下的磁铁石双条件下受从abo的世界穿越到了攻所在的男女两性世界，生活中的认知差异有搞笑的误会，比如明明18cm的攻因为没有腺体，被受认定为阳痿，主线以几个案件推动两人的互相了解，再结合两个世界的来回穿越，大世界观就是元时空和分裂时空，类似游戏读档存档。最后反正就是都来到了两性世界。一般，说是本格推理但没有很精彩，有平行时空分裂时空，再叠加感情中寻找自我释怀自我，很多要素反而觉得乏味，每样都不深入。空菊的文印象深的还是电动小马达。由由说她是野人，达咩，以后不看她的文了。,false
cafca62c-5a2e-47f0-b155-cc3fd35d2d14,十世禅,BL小说,山里不听宣,伏䶮&和尚（罗耶佛）,0,2025-07-01,{玄幻},玄幻，和尚与龙，佛与魔，九世娑婆，渡与皈依。,作者文笔还不错其实，用词着句很佛美，阅读也很累，很多佛语典故不知何故。时间线太长，导致有点流水账，不过前后的埋伏呼应，证明作者的思路和大局观很用心。我还挺喜欢啼野的设定，恶本念。那个仙帝将欲行，我觉得好讽刺人类，自诩高高在上不过是自己的私欲，爱而不得。 石桥禅喜欢，之前看有个电影，杨紫琼演的，也有这段。,false
cafca62c-5a2e-47f0-b155-cc3fd35d2d14,绝地逢生,BL小说,焦糖冬瓜,肖岩&海茵,0,2025-07-01,{丧尸},异世丧尸病毒，真的对受长相很普这点耿耿于怀吖,,false
cafca62c-5a2e-47f0-b155-cc3fd35d2d14,囚于永夜,BL小说,麦香鸡,温然&顾昀迟,0,2025-07-01,{ABO},abo，欲言难止的副cp，很喜欢温然小可爱，比苦瓜还苦，辛苦的长大，努力的活着。,,false
cafca62c-5a2e-47f0-b155-cc3fd35d2d14,搭界,BL小说,里伞,夏天梁&徐运墨,0,2025-07-01,{豪门},小市民生活类,艺术世家出生一本正经徐运墨，从小叛逆口甜舌滑夏天梁，要不是作者提前说了攻受，我肯定站反。搭的是什么界呢，难道是餐饮界和文化界？徐运墨的妈妈，不错的人设，曲艺优秀大家，婚后并没有退隐相夫教子，所以对二儿子是心存愧疚，让二儿子觉得不被爱，被比较。,false
cafca62c-5a2e-47f0-b155-cc3fd35d2d14,我靠种田飞升了,BL小说,爬上屋顶找星星,宋爱田&南景流,0,2025-07-01,"{种田,玄幻}",种田修真,,false
cafca62c-5a2e-47f0-b155-cc3fd35d2d14,不生不熟,BL小说,不问三九,何乐知&韩方驰,0,2025-07-01,{},友情陪伴，直男转弯，谈了恋爱连友情都不要了么？,单亲母亲给予的无条件的爱真的可以滋养孩子的爱无畏，爱的洒脱真挚果敢，其实在和小黑相爱的8年里，乐知是真的委屈了自己还是他可能并没有看起来那样爱无畏呢？,false
cafca62c-5a2e-47f0-b155-cc3fd35d2d14,离婚了我还穿着你的外套,BL小说,不问三九,原野&方绍一,0,2025-07-01,"{娱乐圈,破镜重圆}",娱乐圈文，伪破镜重圆,"由由推荐了不生不熟，看完后发现自己很爱不问三九的文，燎原三部曲仿佛我身边也有永远炙热的晓东，永远可靠的汤医生，小南和苦哥已经长大，周罪也不再做噩梦，萧老师的爱永远直接和护短。
看文名以为外套会是个重点的梗，是行李箱里藏着的秘密，然而并不是（给由由吐槽的点哈哈哈），就是一句轻描淡写。原野的野并不仅仅是性格的狂野和开阔，爱憎分明勇敢真诚，是方绍一复杂世界唯一清凉火热的一团光，名字真的很贴角色。这个文里面我更喜欢方绍一，他的爱看着像是一条单向箭头，无条件的爱无条件的护，最后强迫原野签字离婚，是逼迫，逼迫他破茧，但他后悔了，他不想原野失去光热，自私的不想失去这团热源。方绍一在ICU，原野不能签字，好痛，原野哭的那样的绝望畏惧，这样破碎的老婆，我是方绍一我也会放弃我的梦想，只为让爱人远离污浊。",false
cafca62c-5a2e-47f0-b155-cc3fd35d2d14,夜潮褪去,BL小说,三道,宋然&沈闻飞,0,2025-08-01,"{现代,甜文}",现代生活日常向，酸涩度50%，多少有点不张嘴了，一个不会说，一个不想说。,和卡比丘的酸涩文比起来，文笔差了点。宋然的设定和俞繁有点像，所以我局限的认为宋然的坚韧是钢铁，但后续他鸵鸟似的寄生在沈闻飞有意给他打造的安全圈内，我感觉他其实是懦弱的，有点不符合我的预期。反之，沈闻飞的不张嘴、霸道、自以为是其实刻画的还可以。他以为自己看似看轻就可以拥有不会失去的爱人，圈起来占有保护，但最后鱼儿搁浅了，差点丧生。严鸣小可爱就是工具人，,false
cafca62c-5a2e-47f0-b155-cc3fd35d2d14,爱情公园,BL小说,卡比丘,许渭尘&唐既明,0,2025-08-01,"{现代,甜文}",现代文生活日常向，酸涩度40%，脾气不好的刻薄小孩会有糖吃吗？正文是受的视角，番外是攻的视角，重温来看还可以，标准卡比丘。,,false
cafca62c-5a2e-47f0-b155-cc3fd35d2d14,豪门炮灰开始发飙,BL小说,冷耳,陆燃x纪旻,0,2025-08-01,"{重生,现代,虐文}",现代都市，重生后的陆燃不要再被欺负，一言不合就巴掌狗屎满天飞，爽！,真的很不喜欢陆燃大哥沈星遇，即便他也是很可怜的家族守门人。感觉所有配角都好可怜，都不是自己，虚假。总体很爽，唯一可能虐心的点就是上辈子车祸导致残疾被困在病床一隅十年，十年疼痛折磨，重生后的幻痛让攻心疼得要死。,false
cafca62c-5a2e-47f0-b155-cc3fd35d2d14,一颗苹果,BL小说,孟还,谢然x谢青寄,0,2025-08-01,"{现代,校园,骨科,虐文}",现代文，骨科，虐心程度70%，小谢的爱好满好委屈，明明他和谢然一样失去妈妈失去姐姐，谢然的爱也好心疼呀，罪责二字压垮了他。,第一次看是因为车不错，看完后当时印象最深的记忆点就是肉痛并没有过多的去关注故事中的遗憾，时隔两年的重温深深被这个故事抓住。兄弟俩重走的7年仍然很心痛（我对7这个数字真的很爱恨交加），第一遭的最后谢然带着无限的自责去结束自己的生命，把未来留给小谢留给活着的人，是呀他总是那样的我行我素恣意妄为，得意时觉得一切都是自己能罩着盲目自信张狂，失意时一切的错误一切的罪责都归咎在自己身上，强烈的矛盾拉扯作者刻画得感同身受，最后谢然碎了，小谢就这样被他抛弃在了失去妈妈失去姐姐没有爸爸的未来。番外是小谢的视角，从那天早起开始写起，因为是上帝视角，我总想让他别走，回头去亲亲谢然吧，别去学校了直接抱着谢然吧，打破原则告诉谢然吧，你很爱他。谁说活着的人就会好好的，被留下的人苍白无力，是弃婴。,false
cafca62c-5a2e-47f0-b155-cc3fd35d2d14,穿成万人嫌替身O后,BL小说,谢沧浪,温盛然x黎瑜,0,2025-08-01,"{现代,ABO,豪门}",现代都市，abo，两世都是亲缘单薄，真的很讨厌abo中o的宿命感。,对比豪门炮灰的大哥和父母，这里面的真的太讨厌，自以为是的温琰，好歹炮灰里界面的沈星遇有脑子有能力能一个人撑住家族，这文里面温琰无能自负讨厌死了。,false
cafca62c-5a2e-47f0-b155-cc3fd35d2d14,我相公是纨绔,BL小说,端瑜,谢乔玉x万明霁,0,2025-08-01,"{种田,穿越,古代,ABO,虐文}",种田穿越，现在直男理科生穿身纨绔闲子后，取哥儿生子发奋图强，挺有意思,主线还是比较种田，谢乔玉庶生子被嫡母打压，一心只想嫁给秀才投资人才做一门当家夫郎，奈何第一遭所选非人，在万明霁混账爹的葬礼上看上了“要想俏一身孝”的攻，当然此时已是穿身后的，并不是之前的混账纨绔。本想着万明霁投身科举，后面确实从武举起步，和年幼太子驸马爷刑部司郎谢家大哥一起，拒和亲为家国扩疆土忧民生，俩主角各自两条线，政途一条行商一条比较标准的配合种田，买香皂、近视眼镜、镜子也是标准套餐。受挺可爱的，傲娇小猫咪，虽未庶子但不自卑，靠自己卖绣工花草赚小钱，还很心疼孝顺哥儿阿爹，被老太太开始不喜，以为自己会变成乡下小哥，确是老太太对他的锻炼，这个奶奶挺好的，让我想起了盛明兰的奶奶。总体轻松有趣。,false
cafca62c-5a2e-47f0-b155-cc3fd35d2d14,幸臣,BL小说,灰谷,.许莼x谢翊（九哥）,0,2025-08-01,"{古代,爽文,虐文}",古代架空权谋，国公世子纨绔浪荡还是断袖，遇到九哥后开启了奋斗成长模式，一路成为中宫醇亲王，还可以,作者炫技选满毕竟真的好多字都不认识，每次看古代的文都会有这个困扰，更别提三纲五常的那些仁义道德，就一张圣旨我都读起来困难。不过看起来挺爽的，基本受就是全程开挂，不管是亲戚还是朋友，一路遇到的都算是良师益友得力助手。毕竟最上面的那位以整个江山为后盾。番外后面才看，让我泪目的点居然是害怕皇帝和方子静方子兴君臣两相疑。,false
cafca62c-5a2e-47f0-b155-cc3fd35d2d14,已读不回,BL小说,一别都门三改火,宁知然x顾承锐,0,2025-08-01,"{重生,现代}",现代都市，奇幻时空读档循环。先爱的先说不爱，但不能说他不爱；后爱的放不开，但不能说他会爱。其实是门不当户不对完全两个世界的人，还好，一起慢慢学会爱，爱对方爱自己，没有放手。,,false
cafca62c-5a2e-47f0-b155-cc3fd35d2d14,暗恋十二年的他离婚了,BL小说,梅子汤汤,任昭远x谭铮,0,2025-08-01,"{现代,年下}",现代都市爱情，年下7岁，珠宝设计师和风投精英的爱情故事。因为喜欢天空配的广播剧，看了这个文，加持对故事的喜欢，没有大的剧情线，主要从亲情友情爱情一步步去丰满人物，彼此相伴相成。,十二年的暗恋，从谭铮的视角，是高考动员会上的优秀学长，是一起救助过小猫咪的漂亮人儿，也是在寒夜救赎了他的侠士，优秀仿佛磁铁，吸引着他一步一步靠近。因为他，他想参加尽快参加高考，所以跳级大强度学习，赶在任昭远大四的时候能和他同时空相遇一年；因为他，他想做珠宝设计肯定需要花很多钱需要拉投资，那谭铮就做风投使劲儿赚钱随时准备着，所以在任昭远回国开AL工作室的时候，主动投资。谭铮去过任昭远去过的很多地方，住过他前日刚离开的酒店，买过同款行李箱同款香水，去过同样的城市，在任昭远海外学习被诬陷时和网友群战，谭铮像邪恶的私生似的，在任昭远有赵原青的十年里，默默的追随。任昭远以为的爱，原来从他20岁，从谭铮13岁时，就已经开始了。这个点挺吸引我的，我就很喜欢这样的笃定和唯一。故事后面涉及到的矛盾，任昭远的底线不欺骗不设计不强迫，谭铮都做了，但这个矛盾后两个人的自我破茧彼此笃信，这就是虐文后的那一颗大糖！另外，嘻嘻还是可以代一代我的bx。,false
cafca62c-5a2e-47f0-b155-cc3fd35d2d14,心眼,BL小说,北南,乔苑林x梁承,0,2025-08-01,"{现代,校园,年上}",现代校园爱情，年上6岁，心外科医生和新闻记者的青春爱情。一个遭受家暴，杀人坐牢，用尽万般力气，才让自己成为了一个正常人；一个拥有心脏病，万事需谨慎，人生在24岁之前，都没有什么特别的运动乐趣。,在父亲乔文渊和阿姨贺婕的婚礼上，乔苑林看到了那个说“这辈子都不会回平海的人”，只是这一次，他们不再是救与被救的关系，不是小房东与租客的关系，而是外人眼中的“继兄弟”。然而，这一次回来，梁承是要“干大事儿”的，他说：决定权在乔苑林那边，无论他是什么选择，他都受着。乔苑林的外婆太好了，没有见过我的外婆，但我妈妈很爱我所以我想我外婆也会很喜欢我。,false
cafca62c-5a2e-47f0-b155-cc3fd35d2d14,小钟老师乡村历险记,BL小说,再三斯,钟意秋x肖鸣夜,0,2025-09-01,"{种田,校园,年代文}",90年代种田，被开除的重点大学物理系高材生在农村振兴乡村教育，遇到人狠话不多的肖二哥。,种田最扯人心的就是群像的丰富多彩，文好像是前年种田文的top，还是不错的。主线明确，受从被迫接受去农村当老师作为逃离的一种别无选择，到慢慢被学生信任喜爱，看到农村教育知识普及的重要性，逐渐明确自己作为老师的使命。义叔很好，真心珍惜高材生也真心把受当家人，六子很仗义，没有攻那样张扬也是踏实勤劳的好人，王文俊真的是嘴萃毒了的小直男，心善有才，学历低是他唯一痛处。情敌小林也刻画的很好，勇敢清醒的女性，有勇有谋敢爱敢放不矫情！副cp故事线很少，着重体现了对主角小两口的支持，事业线主要靠他俩打辅助。最狠人设肖二哥，可是敢杀人，原本已经断情绝爱似的，遇到闪光的秋儿，才愿意热爱这个世界，这个设定我也很吃！不错！,false
cafca62c-5a2e-47f0-b155-cc3fd35d2d14,竹马难猜,BL小说,冻感超人,沈言x赵林苏,0,2025-09-01,"{现代,校园}",现代校园爱情，突然出现的新技能：对视能看到对方头顶浮现性幻想对象的名字！然后sy就看到了9岁开始一起同桌朋友一起长大的好兄弟头顶自己的大名！,设定不错文风轻快，在一起后含亲量忒高，没有详细的车但是还是看的扭扭捏捏。有点直掰弯，也有万千人中只有你。攻的人设还挺喜欢，小时候是野人可爱，长大后对自己人生的把控父母的放养有爱，还有对爱人的占有欲唯一性，洗算一下校园文的攻好像都这样。,false
cafca62c-5a2e-47f0-b155-cc3fd35d2d14,离婚从被大佬追求开始,BL小说,半今茶,温祈x贺卓鸣,0,2025-09-01,"{现代,豪门}",现代都市，有点豪门世家，攻对受一见钟情但那会儿受还没离婚，但没有出轨不是小三。,,false
cafca62c-5a2e-47f0-b155-cc3fd35d2d14,穿越之炮灰男配,BL小说,,,0,2025-09-01,"{穿越,玄幻}",穿书修真，武徒武师武灵武王武皇武尊，大概就这么升级武力值，然后还会有丹药、阵法、炼器、铭文、符箓作为技能升级，整个比较爽，攻受从炮灰配角一路爆改成为绝顶高手。,,false
cafca62c-5a2e-47f0-b155-cc3fd35d2d14,诟病,BL小说,池总渣,祁薄言x纪望,0,2025-10-01,"{ABO,娱乐圈}",娱乐圈，双A，标记消失之前回到我身边，一见钟情/误会（一方以为另一方标记了好朋友受伤）分手/精神病（祁家变态）痛苦，还是有点虐，但总体还是觉得双A做爱真疼吖，我都替纪望疼。,,false
cafca62c-5a2e-47f0-b155-cc3fd35d2d14,穿越夫郎有点甜,BL小说,羽春,云程x叶存山,0,2025-10-01,"{种田,穿越,现代,古代,ABO}",穿越种田打猎为主？，现代超级宅男且是网络达人的云程穿到架空时代成为一名哥儿，和糙汉黑皮书生一起发家致富创业科举的故事。,,false
cafca62c-5a2e-47f0-b155-cc3fd35d2d14,换嫁小夫郎,BL小说,,,0,2025-10-01,{种田},豆腐种田,,false
cafca62c-5a2e-47f0-b155-cc3fd35d2d14,营业悖论,BL小说,稚楚,,0,2025-10-01,"{娱乐圈,年下}",娱乐圈，idol六人团，从小糊糊到大顶流，一般好代虽然也是年下，但性格经历背景差异挺大的。,,false
cafca62c-5a2e-47f0-b155-cc3fd35d2d14,死后发现死对头暗恋我,BL小说,椿白,喻和颂x江季烔,0,2025-11-01,"{重生,爽文}",重生复仇爽文，攻通过梦境逐渐想起前世记忆，受小时候因为车祸失去部分记忆，且被黑心父亲洗脑被利用成为争夺家族权势的工具，两次忘记和攻的关联，上一世是受死后攻为其复仇,,false
cafca62c-5a2e-47f0-b155-cc3fd35d2d14,在70年代当乘务员,BL小说,江湖太妖生,席于飞x云穆清,0,2025-11-01,"{重生,年代文}",,重生年代文，市场超市随身空间金手指设定，很有趣的是受太爱认亲戚了，去上海，捡到了攻改变了上世轨迹，认了热心张姨买了房子，帮了高知被斗被害的于大爷，更是后面于大爷搬去了京城和席家一起真正的生活在一起；去西北，帮助攻的家人平反，认了姑父认了姨夫，军队和农场都有人，都是为了照顾好攻的家人；去广州也是认了姨夫，前世一起做过生意此生更是早早的合作，还让上海认识的黑市副cp去广州那边开厂买地；东北更不用说了，老家大本营。总之受，这辈子就想赖在父母身边，和家人一起和爱人一起，混吃等死。,false
cafca62c-5a2e-47f0-b155-cc3fd35d2d14,守寡多年,BL小说,芝芝猫猫,江云x陆淮,0,2025-11-01,"{ABO,星际}",,星际abo，为联盟牺牲了17年的老公回来了，估计想到双胞胎小儿子居然考试及格是上限，他都想回去再躺几年。在异性能量女王的精神力压制下，普通人早就精神时常，但攻在沉睡的17年其实一直都是清醒的，这样的痛苦太泯灭人性，同样的，受从甜心小可爱一个人养大双胞胎，一根根给自己武装上刺，保护家人也伤了自己。,false
cafca62c-5a2e-47f0-b155-cc3fd35d2d14,我从棺材里坐起来妖孽都得跪下,BL小说,黑猫睨睨,段安洛x司苍,0,2025-11-01,"{爽文,灵异}",玄学灵异，爽文。感觉这类文都会收养一群可可爱爱小妖怪小精怪。,,false
cafca62c-5a2e-47f0-b155-cc3fd35d2d14,失忆后死对头成了我男朋友了？,BL小说,祝麟,商玦x陆屿行,0,2025-11-01,{现代},现代，攻失忆后受本是恶作剧，假装恋爱关系，本是不对付的两人，其实中学就相识，最后应证那句最了解你的往往是你的敌人。,,false
cafca62c-5a2e-47f0-b155-cc3fd35d2d14,当直男穿到古代冲喜,BL小说,998,王瑛x陈青岩,0,2025-12-01,"{种田,穿越,现代,古代,ABO}",架空穿越种田，现代农学学生从试验田魂穿哥儿王瑛，Tip：随身空间智能试验田/种田冬卖蔬菜夏卖冰/攻走科举路突破被诬陷作弊后的心理创伤后遗症/陈家四叔三婶李家大舅庄上的佃户/兄弟姐妹都有好姻缘,,false
cafca62c-5a2e-47f0-b155-cc3fd35d2d14,真实遗愿清单,BL小说,卡比丘,李善情x庄叙,0,2025-12-01,"{破镜重圆,年上}",年上三岁破镜重圆酸涩互相治愈，超高需求的受和板眼无情的攻，谁先爱呢？,,false
cafca62c-5a2e-47f0-b155-cc3fd35d2d14,重生后独宠灾星小夫郎,BL小说,菇菇弗斯,苏乙x钟洺,0,2025-12-01,"{种田,重生}",重生种田，没有金手指，靠上一世的信息差从海捕为生到路上种田，从贱民到良民，全是各种海鲜。,,false
cafca62c-5a2e-47f0-b155-cc3fd35d2d14,年少成名,BL小说,图南鲸,顾商x江堰,0,2025-12-01,"{娱乐圈,破镜重圆}",娱乐圈，包养的小狗想要真爱，ptsd的玩世不恭有睡眠障碍（母亲车祸死在自己眼前，父亲没有关爱安抚还娶了外室），误会后的破镜重圆。,,false
cafca62c-5a2e-47f0-b155-cc3fd35d2d14,绝命法医,BL小说,情韵小尸,沈君辞x顾言琛,0,2025-12-01,"{现代,刑侦}",,都市刑侦，法医和刑侦队长组合，心脏移植伴随记忆继承，身体换了但内核还是原主，重返是为了寻找父亲被害真想。案件节奏不错，设计非法采矿，妇女拐卖容器生子器官贩卖，慈善基金非法洗黑钱等，财权腐蚀下的新型犯罪，筑梦师策划师清道夫设定，涉及犯罪心理刑侦审问的设定比《犯罪心理》更能让我接受，会拿它和《默读》比较，都不错。攻受的感情线也很抓人心，受尸山血海走过来的哭，最后落到温暖的怀抱。,false
cafca62c-5a2e-47f0-b155-cc3fd35d2d14,炮灰被反派听到心声后,BL小说,青鸟临星,姜鸣欢x裴靖渊,0,2025-12-01,"{穿越,玄幻}",穿书修真，配角炮灰逆袭实则是天道之子集龙凤人族top级别基因。,,false
cafca62c-5a2e-47f0-b155-cc3fd35d2d14,眼前,BL小说,不问三九,潘小卓x石凯,0,2025-12-01,{},燎原小宇宙的故事终于都看完了，社恐小卓的喜欢真的好温暖。,,false
